,index,Player,MPG,FGM,FGA,FG%,3PM,3PA,3P%,FTM,FTA,FT%,TOV,PF,ORB,DRB,RPG,APG,SPG,BPG,PPG,Season,cluster
0,2,Aaron Nesmith,12.25,1.4,3.55,0.396,0.75,2.25,0.3185,0.35,0.4,0.893,0.45,1.65,0.44999999999999996,1.7000000000000002,2.15,0.45,0.25,0.1,3.9000000000000004,2020.5,2
1,3,Abdel Nader,13.100000000000001,1.55,3.65,0.4055,0.6,1.65,0.3305,0.65,0.95,0.6865,0.8,1.4,0.3,1.6,1.85,0.6,0.5,0.35,4.35,2020.0,2
2,6,Aleksej Pokusevski,14.6,1.9,5.6,0.344,0.4,2.4,0.182,0.2,0.4,0.5,1.2,1.1,1.0,3.1,4.1,1.2,0.4,0.5,4.5,2021.0,2
3,10,Amir Coffey,11.0,0.95,2.4,0.39349999999999996,0.55,1.6,0.372,0.8500000000000001,1.05,0.8029999999999999,0.3,0.75,0.2,1.1,1.3,0.6,0.15000000000000002,0.05,3.3,2020.5,2
4,17,Anthony Tolliver,15.9,1.2,3.3,0.357,0.9,2.6,0.338,0.4,0.5,0.724,0.6,1.3,0.6,2.2,2.8,0.8,0.3,0.2,3.6,2019.0,2
5,18,Armoni Brooks,13.0,1.8,4.9,0.362,1.4,4.1,0.333,0.4,0.4,0.875,0.2,1.3,0.3,1.2,1.4,0.7,0.6,0.2,5.3,2021.0,2
6,38,Bruno Fernando,12.7,1.8,3.6,0.518,0.1,0.7,0.135,0.5,0.9,0.569,0.8,1.9,1.2,2.3,3.5,0.9,0.3,0.3,4.3,2019.0,2
7,45,Cam Thomas,11.1,1.5,4.3,0.356,0.3,1.8,0.161,0.6,0.9,0.733,0.2,0.4,0.2,1.2,1.4,0.7,0.4,0.2,4.0,2021.0,2
8,61,Corey Kispert,12.1,1.4,3.4,0.41,0.5,2.0,0.239,0.5,0.6,0.786,0.3,0.4,0.4,1.3,1.8,0.5,0.2,0.1,3.7,2021.0,2
9,65,Dalano Banton,13.1,1.8,3.7,0.477,0.2,0.8,0.333,0.8,1.0,0.75,1.1,1.5,0.7,1.8,2.4,1.7,0.4,0.2,4.5,2021.0,2
10,66,Damian Jones,16.1,2.2,3.2,0.68,0.0,0.2,0.222,1.1,1.5,0.738,0.5,2.7,1.3,2.4,3.7,0.6,0.5,0.7,5.6,2019.0,2
11,78,David Nwaba,11.7,1.5,3.5,0.442,0.1,0.9,0.077,0.9,1.5,0.636,0.5,1.0,0.5,2.5,3.1,0.7,0.7,0.3,4.1,2021.0,2
12,110,Drew Eubanks,14.2,2.05,3.9,0.536,0.0,0.1,0.5,1.5,2.0,0.7605,1.05,1.55,1.35,3.2,4.5,1.1,0.35,0.8500000000000001,5.699999999999999,2020.5,2
13,115,Dylan Windler,10.8,1.0,2.2,0.459,0.6,1.4,0.417,0.2,0.2,0.75,0.5,1.1,0.4,1.4,1.8,1.1,0.2,0.1,2.8,2021.0,2
14,119,Elie Okobo,13.1,1.3,3.3,0.398,0.5,1.3,0.352,0.9,1.3,0.704,0.7,1.0,0.3,1.3,1.6,2.1,0.4,0.1,4.0,2019.0,2
15,135,Gabe Vincent,15.2,2.1,5.050000000000001,0.4095,1.05,3.15,0.34199999999999997,0.5,0.6,0.841,0.95,1.8,0.35,1.0,1.35,1.75,0.5,0.05,5.65,2020.5,2
16,137,Garrison Mathews,16.2,1.5,3.7,0.409,1.2,3.1,0.384,1.3,1.5,0.884,0.2,1.7,0.2,1.1,1.4,0.4,0.5,0.1,5.5,2020.0,2
17,139,Gary Payton II,14.7,2.7,4.0,0.677,0.6,1.4,0.406,0.8,1.3,0.655,0.5,1.7,1.1,2.1,3.2,0.8,1.3,0.1,6.9,2021.0,2
18,145,Goga Bitadze,8.7,1.3,2.8,0.467,0.1,0.8,0.19,0.4,0.6,0.727,0.5,1.2,0.5,1.5,2.0,0.4,0.2,0.7,3.2,2019.0,2
19,148,Gorgui Dieng,12.899999999999999,1.75,3.95,0.439,0.6,1.7,0.344,0.8,1.15,0.7075,0.75,1.6,1.2,3.3,4.5,0.95,0.5,0.6,5.0,2020.0,2
20,173,Jalen McDaniels,15.1,1.9,3.6,0.525,0.9,2.0,0.455,0.7,1.1,0.64,0.6,1.7,0.6,2.7,3.3,1.0,0.4,0.4,5.5,2021.0,2
21,179,Jared Dudley,8.1,0.5,1.3,0.4,0.4,0.9,0.429,0.0,0.0,1.0,0.2,0.9,0.1,1.0,1.2,0.6,0.3,0.1,1.5,2019.0,2
22,185,Jaxson Hayes,15.066666666666668,2.566666666666667,4.3,0.6043333333333334,0.10000000000000002,0.3,0.3476666666666666,1.6666666666666667,2.3000000000000003,0.7263333333333334,0.6999999999999998,1.9333333333333333,1.4333333333333333,2.433333333333333,3.9,0.6,0.3666666666666667,0.7000000000000001,6.933333333333334,2020.0,2
23,192,Jeremy Lamb,13.9,2.3,5.7,0.394,1.2,3.1,0.397,1.6,1.6,1.0,0.6,1.1,0.4,2.2,2.6,1.1,0.5,0.4,7.3,2021.0,2
24,193,Jerome Robinson,15.5,1.8,4.9,0.371,0.8,2.4,0.32,0.6,0.9,0.702,0.8,1.8,0.2,1.8,2.0,1.4,0.4,0.3,5.1,2019.0,2
25,194,Jevon Carter,13.533333333333333,1.4000000000000001,3.6666666666666665,0.37399999999999994,0.9333333333333335,2.466666666666667,0.3686666666666667,0.20000000000000004,0.26666666666666666,0.7243333333333334,0.39999999999999997,1.2,0.3333333333333333,1.3666666666666665,1.6666666666666667,1.2333333333333332,0.5333333333333333,0.2333333333333333,3.8666666666666667,2020.0,2
26,200,John Konchar,15.4,1.6,3.0,0.545,0.5,1.1,0.4,0.1,0.4,0.375,0.6,1.2,1.0,2.8,3.7,1.3,0.7,0.2,3.9,2021.0,2
27,203,Jordan McLaughlin,14.7,1.4,3.55,0.365,0.4,1.4500000000000002,0.285,0.45,0.55,0.7725,0.8,0.65,0.30000000000000004,1.25,1.5,3.0,0.8,0.05,3.6,2020.5,2
28,216,Justin Jackson,16.1,2.1,5.2,0.396,0.7,2.5,0.294,0.6,0.8,0.84,0.2,1.1,0.4,2.0,2.4,0.8,0.2,0.2,5.5,2019.0,2
29,217,Justin Robinson,11.6,1.1,3.4,0.316,0.6,2.2,0.27,0.1,0.1,1.0,0.6,1.0,0.1,0.6,0.8,1.2,0.5,0.0,2.8,2021.0,2
30,218,Justise Winslow,8.0,0.9,2.5,0.375,0.1,0.5,0.125,0.1,0.2,0.5,0.9,0.7,0.5,1.7,2.2,1.1,0.4,0.3,2.1,2021.0,2
31,223,Keita Bates-Diop,13.9,1.4,3.1,0.453,0.1,0.6,0.091,0.5,0.6,0.818,0.7,0.6,0.7,2.6,3.3,0.4,0.4,0.4,3.4,2021.0,2
32,242,"Kira Lewis, Jr.",15.55,2.45,6.2,0.3935,0.6499999999999999,2.35,0.2805,0.6000000000000001,0.7,0.8305,0.8500000000000001,1.15,0.30000000000000004,1.2000000000000002,1.5,2.15,0.55,0.1,6.15,2020.5,2
33,263,Malachi Flynn,8.2,1.0,2.9,0.34,0.4,1.4,0.25,0.2,0.3,0.6,0.3,0.8,0.3,1.0,1.3,0.9,0.5,0.1,2.5,2021.0,2
34,268,Marco Belinelli,15.5,2.2,5.5,0.392,1.2,3.1,0.376,0.8,1.0,0.828,0.3,0.8,0.1,1.6,1.7,1.2,0.2,0.0,6.3,2019.0,2
35,271,Mario Hezonja,16.4,1.7,4.1,0.422,0.5,1.5,0.308,0.9,1.1,0.814,0.8,2.0,0.6,2.9,3.5,0.9,0.7,0.2,4.8,2019.0,2
36,278,Matt Dellavedova,14.4,1.1,3.1,0.354,0.4,1.6,0.231,0.6,0.6,0.865,1.0,1.4,0.3,1.0,1.3,3.2,0.4,0.0,3.1,2019.0,2
37,279,Matt Thomas,10.7,1.8,3.7,0.487,1.1,2.4,0.475,0.2,0.3,0.75,0.4,0.9,0.2,1.3,1.5,0.5,0.2,0.0,4.9,2019.0,2
38,283,McKinley Wright,4.1,1.0,1.0,1.0,1.0,1.0,1.0,0.0,0.0,0.0,1.0,0.0,0.0,0.0,0.0,0.0,0.0,0.0,3.0,2021.0,2
39,292,Miye Oni,9.6,0.6,1.8,0.354,0.6,1.6,0.341,0.1,0.1,0.833,0.3,1.1,0.4,1.1,1.6,0.5,0.2,0.1,1.9,2020.0,2
40,293,Moe Wagner,11.5,1.9,4.4,0.436,1.0,2.8,0.354,1.1,1.5,0.743,0.8,2.0,0.4,2.0,2.4,0.7,0.1,0.2,6.0,2021.0,2
41,297,Mychal Mulder,12.8,2.0,4.4,0.449,1.4,3.6,0.397,0.2,0.4,0.636,0.3,0.9,0.1,0.9,1.0,0.4,0.2,0.2,5.6,2020.0,2
42,299,Naji Marshall,11.5,1.1,3.3,0.322,0.2,1.3,0.13,1.4,1.6,0.862,1.0,1.1,0.7,2.2,2.9,1.1,0.4,0.2,3.7,2021.0,2
43,304,Nick Richards,9.0,1.5,2.1,0.705,0.0,0.0,0.0,0.6,0.8,0.812,0.6,1.4,1.0,1.1,2.1,0.3,0.2,0.6,3.6,2021.0,2
44,311,Obi Toppin,13.2,2.45,4.7,0.5145,0.35,1.5,0.245,0.9,1.15,0.746,0.65,1.2,0.8,2.15,2.95,0.75,0.35,0.4,6.1,2020.5,2
45,314,Onyeka Okongwu,12.0,1.9,3.0,0.644,0.0,0.1,0.0,0.7,1.1,0.632,0.6,2.0,1.2,2.0,3.3,0.4,0.5,0.7,4.6,2020.0,2
46,322,Patrick Patterson,13.2,1.6,3.9,0.408,1.1,2.9,0.39,0.6,0.7,0.814,0.4,0.9,0.6,2.0,2.6,0.7,0.1,0.1,4.9,2019.0,2
47,327,"Paul Reed, Jr.",9.8,1.3,2.5,0.514,0.0,0.2,0.0,0.0,0.0,0.0,0.4,1.5,1.1,1.6,2.7,0.6,0.6,0.6,2.6,2021.0,2
48,328,Payton Pritchard,14.3,1.8499999999999999,4.75,0.35850000000000004,1.1,3.0,0.361,0.4,0.44999999999999996,0.9445,0.75,1.2000000000000002,0.4,1.35,1.75,1.6,0.35,0.1,5.25,2020.5,2
49,341,Rodions Kurucs,14.5,1.7,3.8,0.446,0.7,1.9,0.367,0.5,0.8,0.632,1.0,1.9,0.5,2.4,2.9,1.1,0.5,0.1,4.6,2019.0,2
50,342,Rodney Hood,15.950000000000001,1.3,4.0,0.32499999999999996,0.6,2.1500000000000004,0.28800000000000003,0.45,0.5,0.9285,0.39999999999999997,1.1,0.35,1.6,1.9,0.9,0.35,0.1,3.75,2020.5,2
51,343,Rodney McGruder,15.6,1.3,3.2,0.398,0.4,1.6,0.27,0.3,0.6,0.559,0.4,1.3,0.5,2.2,2.7,0.6,0.5,0.1,3.3,2019.0,2
52,351,Ryan Arcidiacono,16.0,1.6,3.8,0.409,0.9,2.4,0.391,0.5,0.7,0.711,0.6,1.7,0.3,1.6,1.9,1.7,0.5,0.1,4.5,2019.0,2
53,354,Sekou Doumbouya,15.5,1.9,5.0,0.379,0.5,2.1,0.226,0.8,1.1,0.703,0.8,1.7,0.7,1.9,2.6,0.8,0.4,0.2,5.1,2020.0,2
54,355,Semi Ojeleye,15.8,1.4,3.3499999999999996,0.40549999999999997,0.85,2.3,0.3725,0.4,0.55,0.8125,0.35,1.1,0.5,1.9,2.35,0.6,0.3,0.05,4.0,2019.5,2
55,363,Stanley Johnson,16.5,1.5,3.8,0.382,0.7,2.2,0.328,0.7,0.9,0.8,0.9,1.9,0.5,2.0,2.5,1.5,0.9,0.3,4.4,2020.0,2
56,379,Thanasis Antetokounmpo,11.25,1.35,2.75,0.4865,0.05,0.4,0.1205,0.45,0.8500000000000001,0.5489999999999999,0.75,1.55,1.0,1.65,2.6500000000000004,0.8,0.45,0.2,3.2,2020.5,2
57,381,Thon Maker,12.9,1.6,3.2,0.482,0.4,1.1,0.344,1.2,1.8,0.664,0.8,1.7,0.9,1.9,2.8,0.7,0.4,0.7,4.7,2019.0,2
58,383,Timothe Luwawu-Cabarrot,15.266666666666667,2.0,5.0,0.4013333333333333,1.1666666666666667,3.233333333333333,0.3673333333333333,0.7999999999999999,0.9,0.8329999999999999,0.5666666666666667,1.7,0.39999999999999997,1.6333333333333335,2.0,0.7666666666666666,0.4000000000000001,0.13333333333333333,5.966666666666668,2020.0,2
59,386,Tony Bradley,12.05,1.9000000000000001,3.0999999999999996,0.6154999999999999,0.05,0.05,0.5,0.4,0.6000000000000001,0.683,0.55,1.65,1.65,2.75,4.4,0.4,0.15000000000000002,0.6,4.2,2020.0,2
60,390,Tre Jones,10.1,1.6,3.4,0.479,0.0,0.2,0.0,0.5,0.5,1.0,0.6,0.8,0.1,1.0,1.1,1.5,0.4,0.0,3.8,2021.0,2
61,391,Trent Forrest,7.6,0.6,0.9,0.6,0.0,0.1,0.0,0.4,0.5,0.875,0.6,0.6,0.2,0.9,1.1,0.6,0.2,0.0,1.6,2021.0,2
62,392,Treveon Graham,16.9,1.6,4.4,0.36,0.6,2.2,0.275,0.7,1.0,0.643,0.5,1.9,0.9,1.8,2.7,0.8,0.4,0.1,4.4,2019.0,2
63,394,Trey Burke,14.7,2.4,5.7,0.428,0.9,2.6,0.354,0.8,0.9,0.895,0.5,1.0,0.2,0.7,0.9,1.3,0.6,0.1,6.6,2020.0,2
64,396,Trey Murphy III,14.9,1.6,4.3,0.37,1.2,3.2,0.392,0.4,0.4,0.9,0.4,1.3,0.7,1.7,2.4,0.6,0.3,0.2,4.8,2021.0,2
65,399,Troy Daniels,11.3,1.5,4.0,0.387,1.0,2.8,0.348,0.2,0.3,0.625,0.3,0.8,0.3,0.9,1.1,0.4,0.2,0.1,4.3,2019.0,2
66,400,Ty Jerome,13.8,2.3,5.8,0.397,1.0,3.3,0.303,1.2,1.4,0.828,0.5,1.2,0.3,0.8,1.1,1.1,0.7,0.1,6.8,2021.0,2
67,405,Vince Carter,14.6,1.8,5.1,0.352,1.0,3.4,0.302,0.4,0.5,0.793,0.6,1.5,0.3,1.8,2.1,0.8,0.4,0.4,5.0,2019.0,2
68,410,Willie Cauley-Stein,15.733333333333334,2.1,3.633333333333333,0.5559999999999999,0.03333333333333333,0.10000000000000002,0.19699999999999998,0.5666666666666667,0.9333333333333332,0.578,0.5333333333333333,1.8333333333333333,1.1666666666666667,2.9666666666666663,4.133333333333333,0.8333333333333334,0.5333333333333333,0.7000000000000001,4.8,2020.0,2
0,13,Andrew Wiggins,32.666666666666664,7.366666666666667,15.733333333333334,0.4706666666666666,2.1,5.533333333333334,0.37600000000000006,2.8666666666666667,4.033333333333333,0.714,1.9666666666666668,2.066666666666667,1.2,3.6,4.8,2.6,0.8333333333333334,0.8333333333333334,19.7,2020.0,4
1,15,Anthony Davis,35.05,9.25,18.0,0.5135000000000001,0.8,2.75,0.259,5.85,7.4,0.784,2.25,2.4,2.65,7.1,9.75,3.1500000000000004,1.4,2.25,25.1,2020.0,4
2,16,Anthony Edwards,34.3,7.5,17.9,0.42,2.65,7.85,0.335,2.9,3.75,0.7855000000000001,2.85,2.0,1.05,4.3,5.4,3.3,1.35,0.65,20.6,2020.5,4
3,33,Bradley Beal,35.833333333333336,10.033333333333333,21.8,0.459,2.2333333333333334,6.8,0.32266666666666666,5.8,6.7,0.8656666666666667,3.3000000000000003,2.2,1.0,3.533333333333333,4.533333333333334,5.466666666666666,1.0666666666666667,0.3666666666666667,28.099999999999998,2020.0,4
4,35,Brandon Ingram,34.300000000000004,8.366666666666665,18.3,0.45766666666666667,2.1666666666666665,5.733333333333333,0.3793333333333333,4.566666666666666,5.3,0.8583333333333334,2.8666666666666667,2.3333333333333335,0.7666666666666666,4.966666666666666,5.733333333333334,4.6000000000000005,0.7000000000000001,0.5333333333333333,23.5,2020.0,4
5,41,C.J. McCollum,35.266666666666666,8.433333333333334,19.0,0.4443333333333333,3.2000000000000006,8.133333333333335,0.3913333333333333,1.9333333333333333,2.5,0.7563333333333334,1.7,2.1999999999999997,0.8000000000000002,3.3000000000000003,4.066666666666666,4.533333333333333,0.9333333333333332,0.5666666666666668,21.96666666666667,2020.0,4
6,59,Cole Anthony,34.0,6.8,16.3,0.421,2.6,7.5,0.345,3.4,3.8,0.877,3.0,2.5,0.5,5.8,6.3,5.7,0.9,0.2,19.6,2021.0,4
7,60,Collin Sexton,32.36666666666667,7.633333333333333,16.266666666666666,0.4656666666666667,1.3666666666666665,4.133333333333334,0.33166666666666667,3.766666666666667,4.666666666666667,0.8016666666666666,2.6666666666666665,2.3666666666666667,1.0333333333333334,2.1333333333333333,3.1666666666666665,3.1666666666666665,0.9666666666666667,0.10000000000000002,20.366666666666664,2020.0,4
8,63,D'Angelo Russell,32.7,6.6,17.2,0.382,2.9,8.9,0.323,3.0,3.6,0.829,2.7,2.2,0.5,3.4,3.9,6.4,0.9,0.8,19.0,2021.0,4
9,67,Damian Lillard,36.333333333333336,8.6,19.566666666666666,0.43700000000000006,3.6666666666666665,9.933333333333334,0.3646666666666667,5.933333333333334,6.5,0.9089999999999999,2.8333333333333335,1.5333333333333332,0.4666666666666666,3.6666666666666665,4.166666666666667,7.766666666666667,0.9,0.3333333333333333,26.733333333333334,2020.0,4
10,81,De'Aaron Fox,33.96666666666667,8.1,17.533333333333335,0.46199999999999997,1.3333333333333333,4.466666666666667,0.29200000000000004,4.633333333333333,6.466666666666666,0.719,3.033333333333333,2.8333333333333335,0.6,3.1,3.6666666666666665,6.5,1.4333333333333333,0.5,22.133333333333336,2020.0,4
11,86,DeMar DeRozan,34.36666666666667,8.4,16.5,0.508,0.4000000000000001,1.4000000000000001,0.2823333333333334,6.166666666666667,7.099999999999999,0.871,2.1333333333333333,2.3333333333333335,0.6333333333333333,4.4,5.0,5.533333333333334,0.9333333333333332,0.30000000000000004,23.366666666666664,2020.0,4
12,99,Devin Booker,34.0,8.966666666666667,18.733333333333334,0.47700000000000004,2.1,5.7,0.36566666666666664,5.166666666666667,5.833333333333333,0.8809999999999999,3.2000000000000006,2.6666666666666665,0.6,3.8333333333333335,4.433333333333334,5.1000000000000005,0.8000000000000002,0.2333333333333333,25.133333333333336,2020.0,4
13,104,Domantas Sabonis,34.96666666666666,7.333333333333333,13.433333333333332,0.549,0.6,2.1,0.2846666666666667,3.6,4.866666666666667,0.7386666666666666,3.1,3.266666666666666,2.8666666666666667,9.233333333333334,12.133333333333333,5.266666666666667,1.0666666666666667,0.43333333333333335,18.866666666666667,2020.0,4
14,105,Donovan Mitchell,33.43333333333333,8.9,20.066666666666666,0.4443333333333333,3.0,8.266666666666666,0.363,4.033333333333333,4.733333333333333,0.8643333333333333,2.8333333333333335,2.4,0.8666666666666667,3.4333333333333336,4.3,4.866666666666667,1.2333333333333334,0.2333333333333333,24.866666666666664,2020.0,4
15,133,Fred VanVleet,36.766666666666666,6.5,15.666666666666666,0.4146666666666667,3.0333333333333337,8.033333333333333,0.38233333333333336,2.9333333333333336,3.4333333333333336,0.8663333333333333,2.4,2.466666666666667,0.5333333333333333,3.733333333333334,4.333333333333333,6.333333333333333,1.7,0.5333333333333333,19.000000000000004,2020.0,4
16,143,Giannis Antetokounmpo,31.933333333333337,10.333333333333334,18.733333333333334,0.5506666666666667,1.2333333333333332,4.133333333333333,0.30233333333333334,6.533333333333334,9.833333333333334,0.6656666666666667,3.4333333333333336,2.966666666666667,1.9000000000000001,10.233333333333334,12.133333333333333,5.766666666666666,1.0666666666666667,1.3,28.400000000000002,2020.0,4
17,164,Ja Morant,32.06666666666667,7.466666666666666,16.0,0.4673333333333334,1.2333333333333332,3.6999999999999993,0.3313333333333333,4.166666666666666,5.466666666666666,0.7603333333333332,3.233333333333333,1.4333333333333336,1.0,3.5,4.5,7.166666666666667,1.1333333333333333,0.26666666666666666,20.333333333333332,2020.0,4
18,177,James Harden,36.333333333333336,7.866666666666667,17.833333333333332,0.43933333333333335,3.233333333333333,9.066666666666668,0.35666666666666663,7.599999999999999,8.766666666666667,0.8700000000000001,4.433333333333334,2.6333333333333333,0.9333333333333332,6.533333333333334,7.466666666666666,9.299999999999999,1.4666666666666666,0.7999999999999999,26.53333333333333,2020.0,4
19,186,Jaylen Brown,34.2,8.4,17.4,0.4825,2.55,6.5,0.3895,3.2,4.3,0.744,2.45,2.9,1.15,5.05,6.2,2.75,1.15,0.5,22.5,2019.5,4
20,187,Jayson Tatum,35.49999999999999,8.966666666666667,20.3,0.4406666666666667,2.8666666666666667,7.7,0.3746666666666667,4.3999999999999995,5.266666666666667,0.834,2.5333333333333337,2.1333333333333333,0.9666666666666668,6.733333333333333,7.733333333333334,3.6666666666666665,1.1666666666666667,0.7333333333333334,25.099999999999998,2020.0,4
21,195,Jimmy Butler,33.7,6.866666666666667,14.166666666666666,0.48700000000000004,0.43333333333333335,1.9333333333333336,0.22766666666666668,7.2,8.466666666666667,0.8496666666666667,2.066666666666667,1.4666666666666668,1.7333333333333334,4.7,6.466666666666666,6.1000000000000005,2.0333333333333337,0.39999999999999997,21.399999999999995,2020.0,4
22,198,Joel Embiid,30.3,8.25,16.65,0.495,1.1,3.2,0.354,8.05,9.6,0.833,3.1,2.9,2.5,8.65,11.1,2.9,0.95,1.35,25.75,2019.5,4
23,214,Julius Randle,35.166666666666664,7.633333333333333,17.0,0.45,1.7,4.766666666666667,0.3403333333333333,4.166666666666667,5.433333333333334,0.7646666666666667,3.1999999999999997,2.9333333333333336,1.8,8.166666666666666,9.933333333333334,4.833333333333333,0.8000000000000002,0.43333333333333335,21.166666666666668,2020.0,4
24,221,Karl-Anthony Towns,34.2,8.6,17.3,0.4955,2.55,6.1,0.4195,4.8,5.75,0.835,3.3,3.7,2.8,7.15,9.95,3.9,0.9500000000000001,1.05,24.55,2020.5,4
25,222,Kawhi Leonard,33.25,9.100000000000001,18.7,0.491,2.05,5.300000000000001,0.388,5.6,6.4,0.8855,2.3,1.8,1.0,5.75,6.8,5.050000000000001,1.7000000000000002,0.5,25.950000000000003,2019.5,4
26,233,Kevin Durant,34.6,9.8,18.4,0.533,2.05,5.0,0.4135,6.0,6.8,0.8775,3.2,1.8,0.45,6.95,7.4,5.5,0.7,1.0,27.65,2020.5,4
27,240,Khris Middleton,31.65,7.55,15.55,0.4865,2.3,5.550000000000001,0.4145,3.25,3.6,0.907,2.4000000000000004,2.3499999999999996,0.75,5.35,6.1,4.85,1.0,0.1,20.65,2019.5,4
28,244,Kristaps Porzingis,31.8,7.0,16.4,0.427,2.5,7.1,0.352,4.0,5.0,0.799,1.6,3.2,1.8,7.7,9.5,1.8,0.7,2.0,20.4,2019.0,4
29,249,Kyrie Irving,34.9,10.2,20.1,0.506,2.8,7.0,0.402,3.7,4.0,0.922,2.4,2.6,1.0,3.8,4.8,6.0,1.4,0.7,26.9,2020.0,4
30,256,LeBron James,34.0,9.5,18.85,0.503,2.25,6.3,0.3565,3.95,5.7,0.6955,3.8,1.7000000000000002,0.8,6.95,7.75,9.0,1.15,0.55,25.15,2019.5,4
31,261,Luka Doncic,34.23333333333333,9.566666666666668,20.76666666666667,0.462,2.7999999999999994,8.5,0.33033333333333337,5.3999999999999995,7.366666666666666,0.7263333333333333,4.333333333333333,2.433333333333333,0.9666666666666668,7.5,8.433333333333334,8.633333333333335,1.0333333333333334,0.39999999999999997,27.333333333333332,2020.0,4
32,264,Malcolm Brogdon,33.63333333333333,7.066666666666666,15.800000000000002,0.448,1.9666666666666668,5.666666666666667,0.3413333333333333,3.266666666666667,3.733333333333333,0.8773333333333334,2.3000000000000003,1.9666666666666666,0.9666666666666667,4.333333333333333,5.3,6.400000000000001,0.7666666666666667,0.3333333333333333,19.400000000000002,2020.0,4
33,308,Nikola Jokic,33.03333333333333,9.299999999999999,16.666666666666668,0.5569999999999999,1.3666666666666665,3.733333333333333,0.359,4.033333333333333,4.933333333333333,0.8126666666666665,3.1333333333333333,2.766666666666667,2.566666666666667,8.799999999999999,11.333333333333334,7.366666666666667,1.2333333333333334,0.6666666666666666,23.96666666666667,2020.0,4
34,309,Nikola Vucevic,33.0,7.933333333333334,17.166666666666668,0.458,1.9333333333333336,5.199999999999999,0.3666666666666667,1.7,2.2,0.7523333333333332,1.6000000000000003,2.1666666666666665,2.033333333333333,9.033333333333333,11.066666666666665,3.733333333333333,0.9333333333333332,0.8333333333333334,19.433333333333334,2020.0,4
35,319,Pascal Siakam,35.5,8.05,17.799999999999997,0.454,1.75,5.25,0.32799999999999996,4.2,5.2,0.8095,2.4,2.95,1.4,5.85,7.25,4.0,1.05,0.8,22.15,2019.5,4
36,325,Paul George,33.06666666666666,8.166666666666666,18.53333333333333,0.4426666666666667,3.0666666666666664,8.0,0.38033333333333336,3.9,4.3999999999999995,0.8746666666666667,3.3666666666666667,2.466666666666667,0.5666666666666668,5.966666666666666,6.533333333333332,4.833333333333334,1.4666666666666668,0.4000000000000001,23.266666666666666,2020.0,4
37,350,Russell Westbrook,36.199999999999996,8.866666666666667,19.466666666666665,0.45366666666666666,1.2333333333333334,4.066666666666666,0.297,4.366666666666666,6.233333333333333,0.7033333333333333,4.633333333333333,3.1666666666666665,1.5999999999999999,7.5,9.066666666666668,9.133333333333333,1.4333333333333336,0.3333333333333333,23.266666666666666,2020.0,4
38,359,Shai Gilgeous-Alexander,34.85,7.15,16.3,0.44199999999999995,1.5499999999999998,5.1,0.32099999999999995,4.449999999999999,5.6,0.797,2.15,1.9,0.6499999999999999,4.75,5.4,4.1,1.05,0.7,20.3,2020.0,4
39,364,Stephen Curry,34.2,9.7,21.0,0.46099999999999997,5.4,12.95,0.4185,5.0,5.449999999999999,0.925,3.25,1.85,0.55,5.0,5.55,6.15,1.5,0.3,29.85,2020.5,4
40,384,Tobias Harris,33.4,7.65,15.600000000000001,0.4915,1.55,4.2,0.3805,2.65,3.15,0.849,1.5499999999999998,2.0999999999999996,1.0,5.85,6.85,3.35,0.8,0.7,19.55,2019.5,4
41,389,Trae Young,34.4,8.633333333333333,19.5,0.44366666666666665,2.8000000000000003,7.6000000000000005,0.36533333333333334,7.0,8.0,0.8773333333333334,4.3,1.7333333333333334,0.6,3.4,4.033333333333334,9.366666666666667,0.9333333333333335,0.13333333333333333,27.066666666666666,2020.0,4
42,412,Zach LaVine,34.96666666666666,9.433333333333334,19.599999999999998,0.48233333333333334,3.0999999999999996,7.933333333333333,0.39233333333333337,4.333333333333333,5.133333333333334,0.8383333333333334,3.1666666666666665,2.033333333333333,0.5666666666666667,4.466666666666667,5.033333333333334,4.366666666666667,0.9333333333333332,0.4666666666666666,26.266666666666666,2020.0,4
43,414,Zion Williamson,33.2,10.4,17.0,0.611,0.2,0.6,0.294,6.0,8.7,0.698,2.7,2.2,2.7,4.5,7.2,3.7,0.9,0.6,27.0,2020.0,4
0,0,Aaron Gordon,30.733333333333334,5.1,10.933333333333332,0.4716666666666667,1.1333333333333335,3.4333333333333336,0.332,2.1333333333333333,3.1666666666666665,0.684,1.7,1.9666666666666668,1.7,4.7,6.466666666666666,3.0333333333333337,0.6999999999999998,0.6666666666666666,13.533333333333333,2020.0,1
1,4,Al Horford,29.7,4.699999999999999,10.3,0.455,1.4,4.300000000000001,0.32699999999999996,1.45,1.75,0.808,1.15,2.2,1.55,5.949999999999999,7.5,3.7,0.8,1.3,12.2,2020.0,1
2,11,Andre Drummond,27.0,5.366666666666667,10.566666666666666,0.5033333333333333,0.03333333333333333,0.26666666666666666,0.04766666666666666,2.266666666666667,3.9333333333333336,0.5686666666666667,2.6666666666666665,3.1333333333333333,3.766666666666667,8.700000000000001,12.466666666666667,2.2333333333333334,1.4333333333333333,1.3,13.0,2020.0,1
3,23,Bam Adebayo,33.333333333333336,6.733333333333333,12.333333333333334,0.5486666666666666,0.0,0.13333333333333333,0.131,4.266666666666667,5.666666666666667,0.7496666666666667,2.766666666666667,2.6999999999999997,2.4333333333333336,7.300000000000001,9.799999999999999,4.566666666666667,1.1333333333333333,0.8666666666666667,17.766666666666666,2020.0,1
4,25,Ben Simmons,33.9,6.1,10.75,0.5685,0.05,0.15000000000000002,0.293,3.1,5.050000000000001,0.617,3.25,3.0999999999999996,1.8,5.699999999999999,7.5,7.45,1.85,0.6,15.35,2019.5,1
5,29,Bogdan Bogdanovic,28.933333333333334,5.366666666666667,11.766666666666667,0.4533333333333333,2.7000000000000006,6.766666666666667,0.4003333333333334,0.9666666666666667,1.2,0.8119999999999999,1.2666666666666666,2.1,0.4000000000000001,3.1333333333333333,3.5,3.0666666666666664,0.9333333333333332,0.2333333333333333,14.366666666666667,2020.0,1
6,30,Bojan Bogdanovic,31.366666666666664,5.933333333333333,13.266666666666666,0.449,2.6666666666666665,6.633333333333334,0.40399999999999997,3.4333333333333336,3.8000000000000003,0.9013333333333334,1.9333333333333333,1.5666666666666667,0.6666666666666666,3.3333333333333335,4.0,1.9666666666666668,0.5333333333333333,0.06666666666666667,18.0,2020.0,1
7,40,Buddy Hield,31.266666666666666,5.966666666666666,14.566666666666668,0.4076666666666667,3.7999999999999994,9.933333333333332,0.383,1.5,1.8,0.843,1.9000000000000001,2.3,0.6666666666666666,3.8666666666666667,4.5,2.9333333333333336,0.8333333333333334,0.26666666666666666,17.233333333333334,2020.0,1
8,42,Cade Cunningham,31.7,5.6,14.7,0.379,2.3,7.4,0.308,1.5,1.8,0.844,3.8,2.6,1.1,5.4,6.6,4.6,1.3,0.6,14.9,2021.0,1
9,48,Carmelo Anthony,28.5,5.1000000000000005,11.933333333333332,0.42966666666666664,1.9666666666666668,4.866666666666666,0.4036666666666666,2.1,2.4666666666666663,0.8506666666666666,1.1333333333333335,2.466666666666667,0.7999999999999999,3.6333333333333333,4.433333333333334,1.2666666666666666,0.7666666666666666,0.5666666666666667,14.299999999999999,2020.0,1
10,51,Chris Duarte,29.6,5.2,12.3,0.419,1.9,5.4,0.346,0.9,1.3,0.71,1.7,1.8,0.5,3.5,4.1,2.0,1.1,0.1,13.1,2021.0,1
11,52,Chris Paul,31.766666666666666,5.8999999999999995,12.033333333333331,0.48966666666666664,1.3666666666666665,3.6666666666666665,0.36733333333333335,3.033333333333333,3.466666666666667,0.8883333333333333,2.3,2.2333333333333334,0.3333333333333333,4.133333333333333,4.5,8.566666666666666,1.6666666666666667,0.26666666666666666,16.2,2020.0,1
12,53,Christian Wood,26.549999999999997,5.4,10.75,0.5165,1.3,3.4499999999999997,0.377,2.5999999999999996,4.0,0.659,1.6,1.95,1.75,6.95,8.7,1.65,0.5,1.0,14.8,2020.0,1
13,55,Clint Capela,30.0,5.85,9.95,0.582,0.0,0.0,0.0,1.65,3.0,0.5405,0.8999999999999999,2.3499999999999996,4.35,9.1,13.5,1.05,0.8,1.7,13.3,2020.5,1
14,56,Coby White,28.5,5.1,12.649999999999999,0.405,2.2,6.199999999999999,0.3565,1.75,2.05,0.8460000000000001,2.0,2.2,0.4,3.4000000000000004,3.8,3.75,0.7,0.15000000000000002,14.149999999999999,2019.5,1
15,77,Darius Garland,32.86666666666667,6.2,14.033333333333333,0.43933333333333335,2.1333333333333333,5.6000000000000005,0.38000000000000006,1.8,2.0333333333333337,0.8673333333333333,3.1999999999999997,1.8,0.4666666666666666,1.9333333333333336,2.4,5.766666666666666,1.0333333333333332,0.10000000000000002,16.333333333333332,2020.0,1
16,80,Davis Bertans,27.5,4.15,9.850000000000001,0.41900000000000004,3.35,8.1,0.4095,1.85,2.15,0.861,0.8500000000000001,2.5,0.44999999999999996,3.25,3.7,1.3,0.6499999999999999,0.4,13.45,2019.5,1
17,82,De'Andre Hunter,32.0,4.4,10.8,0.41,1.7,4.8,0.355,1.7,2.3,0.764,1.6,2.9,0.7,3.8,4.5,1.8,0.7,0.3,12.3,2019.0,1
18,88,Deandre Ayton,30.75,6.75,10.95,0.62,0.1,0.3,0.2,1.75,2.55,0.6930000000000001,1.65,2.55,3.15,7.65,10.8,1.45,0.7,0.95,15.350000000000001,2020.5,1
19,89,Dejounte Murray,30.766666666666662,6.333333333333333,13.966666666666669,0.454,0.9666666666666667,2.9,0.3433333333333333,1.5333333333333332,2.0,0.7623333333333333,1.9666666666666668,2.066666666666667,0.9666666666666667,6.133333333333334,7.1000000000000005,5.966666666666666,1.7333333333333334,0.26666666666666666,15.133333333333333,2020.0,1
20,92,Dennis Schroder,32.03333333333334,6.2,13.833333333333334,0.449,1.5666666666666664,4.3999999999999995,0.35600000000000004,3.266666666666667,3.8000000000000003,0.8593333333333333,2.6333333333333333,2.3666666666666667,0.5,3.1,3.5666666666666664,4.8999999999999995,0.9333333333333332,0.13333333333333333,17.266666666666666,2020.0,1
21,96,Derrick Rose,25.066666666666666,5.966666666666666,12.6,0.4716666666666667,1.1333333333333333,3.033333333333333,0.36733333333333335,1.9666666666666668,2.233333333333333,0.9009999999999999,1.8666666666666665,0.9,0.5666666666666668,2.066666666666667,2.6333333333333333,4.5,0.9,0.43333333333333335,15.033333333333333,2020.0,1
22,101,Devonte' Graham,32.06666666666666,5.033333333333334,13.300000000000002,0.37799999999999995,3.1666666666666665,8.633333333333335,0.36466666666666664,2.3666666666666667,2.9,0.818,2.0666666666666664,1.5666666666666667,0.5666666666666667,2.2666666666666666,2.8333333333333335,5.766666666666667,1.0666666666666667,0.13333333333333333,15.566666666666668,2020.0,1
23,103,Dillon Brooks,29.35,6.2,15.0,0.413,1.95,5.6,0.351,2.3,2.8499999999999996,0.8115,1.75,3.65,0.8500000000000001,2.25,3.0999999999999996,2.2,1.05,0.4,16.7,2019.5,1
24,111,Duncan Robinson,29.766666666666666,4.2,9.9,0.42566666666666664,3.366666666666667,8.5,0.3953333333333333,0.7333333333333334,0.8666666666666667,0.8303333333333334,0.9666666666666668,2.6333333333333333,0.16666666666666666,3.1999999999999997,3.4,1.5333333333333332,0.6333333333333333,0.26666666666666666,12.5,2020.0,1
25,123,Eric Gordon,29.7,5.0,10.7,0.467,2.3,5.3,0.434,1.8,2.5,0.714,2.4,1.0,0.1,1.8,1.9,2.8,0.6,0.6,14.1,2021.0,1
26,126,Evan Fournier,29.95,5.699999999999999,12.8,0.441,2.6,6.65,0.392,1.85,2.25,0.7925,1.6,2.05,0.4,2.3,2.7,2.45,1.05,0.2,15.75,2020.0,1
27,127,Evan Mobley,33.9,5.4,11.7,0.465,0.7,2.0,0.333,2.4,3.1,0.785,1.7,2.1,1.8,6.4,8.1,2.6,0.9,1.8,14.0,2021.0,1
28,132,Franz Wagner,31.6,5.3,12.0,0.44,1.4,3.8,0.365,1.7,2.1,0.792,1.2,2.4,1.4,3.0,4.3,2.8,1.2,0.5,13.6,2021.0,1
29,140,"Gary Trent, Jr.",29.033333333333335,4.8999999999999995,11.733333333333334,0.4223333333333333,2.4,6.3,0.38866666666666666,1.2666666666666668,1.4666666666666668,0.8446666666666668,0.6333333333333334,1.7333333333333334,0.4666666666666666,2.066666666666667,2.5,1.4000000000000001,1.2666666666666666,0.30000000000000004,13.533333333333333,2020.0,1
30,146,Goran Dragic,27.45,5.1,11.7,0.4365,1.9500000000000002,5.300000000000001,0.37,2.6,3.3,0.802,2.4,2.2,0.5,2.8,3.3,4.75,0.7,0.2,14.8,2019.5,1
31,147,Gordon Hayward,33.8,6.35,13.5,0.473,1.65,4.449999999999999,0.3805,2.8499999999999996,3.3499999999999996,0.854,1.8,1.8,0.9500000000000001,4.8,5.800000000000001,3.9,0.75,0.5,17.3,2020.0,1
32,152,Harrison Barnes,35.233333333333334,5.466666666666666,11.4,0.47833333333333333,1.6666666666666667,4.333333333333333,0.38999999999999996,3.966666666666667,4.766666666666667,0.8256666666666667,1.6333333333333335,1.3333333333333333,1.2,5.066666666666667,6.233333333333334,2.7000000000000006,0.7666666666666666,0.20000000000000004,16.533333333333335,2020.0,1
33,163,J.J. Redick,26.3,4.8,10.5,0.453,3.0,6.6,0.453,2.8,3.1,0.892,1.2,1.6,0.2,2.4,2.5,2.0,0.3,0.2,15.3,2019.0,1
34,172,Jalen Green,30.8,4.8,12.7,0.382,1.8,6.4,0.278,2.6,3.2,0.807,2.7,1.6,0.4,2.7,3.1,2.3,0.6,0.2,14.0,2021.0,1
35,174,Jalen Suggs,27.7,4.1,12.2,0.339,1.2,4.9,0.255,2.8,3.6,0.763,3.2,2.8,0.8,2.6,3.4,3.6,1.1,0.4,12.3,2021.0,1
36,175,Jamal Murray,32.3,6.9,15.2,0.456,1.9,5.5,0.346,2.8,3.1,0.881,2.2,1.7,0.8,3.2,4.0,4.8,1.1,0.3,18.5,2019.0,1
37,180,"Jaren Jackson, Jr.",27.75,5.800000000000001,13.0,0.44599999999999995,2.35,6.3,0.3805,2.55,3.25,0.7945,1.5499999999999998,3.6999999999999997,1.05,3.95,5.05,1.2,0.75,1.8,16.6,2020.0,1
38,182,Jarrett Allen,29.866666666666664,5.366666666666667,8.1,0.6589999999999999,0.03333333333333333,0.19999999999999998,0.18866666666666668,2.8666666666666667,4.3,0.6709999999999999,1.6000000000000003,1.8333333333333333,3.1999999999999997,7.1000000000000005,10.266666666666666,1.7,0.6666666666666666,1.3333333333333333,13.733333333333334,2020.0,1
39,190,Jerami Grant,31.23333333333333,6.133333333333334,14.066666666666665,0.44166666666666665,1.7666666666666668,5.0,0.35566666666666663,4.166666666666667,5.066666666666666,0.8116666666666666,1.6333333333333335,2.2,0.8000000000000002,3.5333333333333337,4.3,2.2,0.8000000000000002,0.9666666666666668,18.133333333333336,2020.0,1
40,196,Joe Harris,30.566666666666666,4.8999999999999995,10.166666666666666,0.48100000000000004,2.8333333333333335,6.2,0.455,0.6666666666666666,0.8666666666666667,0.7766666666666667,1.1666666666666667,2.1666666666666665,0.6333333333333333,3.3333333333333335,3.9666666666666663,1.6666666666666667,0.6,0.16666666666666666,13.299999999999999,2020.0,1
41,199,John Collins,30.799999999999997,6.699999999999999,11.95,0.559,1.25,3.15,0.406,2.6500000000000004,3.25,0.808,1.2000000000000002,3.0,1.7999999999999998,5.8,7.6,1.7000000000000002,0.6,1.2,17.3,2020.5,1
42,201,Jonas Valanciunas,28.600000000000005,6.766666666666667,12.1,0.5633333333333334,0.6666666666666666,1.5666666666666667,0.39399999999999996,2.6333333333333333,3.4,0.7799999999999999,1.8333333333333333,2.9,3.4666666666666663,8.433333333333334,11.933333333333332,2.033333333333333,0.5333333333333333,0.9666666666666668,16.833333333333332,2020.0,1
43,202,Jordan Clarkson,25.166666666666668,5.833333333333333,14.066666666666668,0.4163333333333333,2.6,7.833333333333335,0.3363333333333333,1.8333333333333333,2.1333333333333333,0.8526666666666666,1.4666666666666668,1.5999999999999999,0.6999999999999998,2.533333333333333,3.233333333333333,2.1333333333333333,0.7333333333333334,0.16666666666666666,16.133333333333336,2020.0,1
44,206,Josh Giddey,29.4,4.3,10.8,0.403,0.9,3.4,0.254,0.9,1.3,0.679,2.8,1.8,1.5,5.3,6.8,5.8,1.0,0.6,10.4,2021.0,1
45,211,Jrue Holiday,32.9,6.933333333333334,14.833333333333334,0.46866666666666673,1.9000000000000001,5.166666666666667,0.36766666666666664,1.6666666666666667,2.3333333333333335,0.7173333333333334,2.6333333333333333,2.033333333333333,1.0666666666666667,3.633333333333333,4.7,6.333333333333333,1.5,0.6333333333333334,17.433333333333334,2020.0,1
46,225,Keldon Johnson,29.8,5.25,11.1,0.472,1.0,2.7,0.36850000000000005,2.1,3.05,0.688,1.25,1.9,1.2000000000000002,4.949999999999999,6.2,1.85,0.8,0.25,13.600000000000001,2020.5,1
47,227,"Kelly Oubre, Jr.",31.2,6.233333333333333,13.733333333333334,0.4523333333333333,2.1333333333333333,6.033333333333334,0.3539999999999999,2.3000000000000003,3.2000000000000006,0.7056666666666667,1.2333333333333334,2.6999999999999997,1.3,4.133333333333334,5.433333333333334,1.3,1.0999999999999999,0.6,16.866666666666664,2020.0,1
48,228,Kemba Walker,27.8,5.5,12.850000000000001,0.427,2.6500000000000004,6.75,0.397,2.4000000000000004,2.8499999999999996,0.8320000000000001,1.7000000000000002,1.35,0.35,2.8,3.25,3.95,1.0,0.4,16.049999999999997,2020.0,1
49,229,Kendrick Nunn,29.4,5.85,12.7,0.46199999999999997,2.1,5.75,0.3655,1.15,1.3,0.8915,1.5499999999999998,2.0999999999999996,0.35,2.5999999999999996,2.95,2.95,0.8500000000000001,0.2,14.95,2019.5,1
50,234,Kevin Huerter,29.7,4.433333333333334,10.133333333333333,0.4406666666666667,2.033333333333333,5.366666666666667,0.3786666666666667,0.7000000000000001,0.8333333333333334,0.8183333333333334,1.3,2.2333333333333334,0.5,3.1,3.5999999999999996,3.233333333333333,0.7999999999999999,0.3333333333333333,11.6,2020.0,1
51,236,Kevin Love,31.8,5.8,13.0,0.45,2.6,7.0,0.374,3.3,3.9,0.854,2.5,1.6,1.0,8.8,9.8,3.2,0.6,0.3,17.6,2019.0,1
52,247,Kyle Kuzma,28.766666666666666,4.833333333333333,11.133333333333333,0.4343333333333333,1.8,5.266666666666667,0.34299999999999997,1.3999999999999997,1.9666666666666668,0.693,1.7333333333333334,2.0,1.1,5.233333333333333,6.333333333333333,1.9999999999999998,0.5333333333333333,0.5666666666666665,12.866666666666667,2020.0,1
53,248,Kyle Lowry,35.1,5.15,12.2,0.42,2.4,7.15,0.33199999999999996,3.55,4.1,0.8634999999999999,3.05,3.05,0.55,4.3,4.8,7.55,1.2,0.35,16.2,2020.0,1
54,250,LaMarcus Aldridge,28.35,6.7,12.75,0.5315,0.8,2.15,0.367,2.2,2.7,0.8160000000000001,1.0499999999999998,2.05,1.65,4.95,6.6,1.65,0.5,1.35,16.4,2020.0,1
55,251,LaMelo Ball,31.049999999999997,6.45,15.25,0.427,2.35,6.3,0.3715,2.55,3.05,0.829,3.0,2.9000000000000004,1.35,5.45,6.800000000000001,7.1499999999999995,1.75,0.4,17.85,2020.5,1
56,255,Lauri Markkanen,27.8,4.95,11.0,0.4525,2.25,6.05,0.373,2.0,2.45,0.825,1.3,1.7,0.95,4.85,5.8,1.2,0.65,0.4,14.149999999999999,2019.5,1
57,258,Lonzo Ball,33.0,4.766666666666667,11.533333333333333,0.41,2.7999999999999994,7.2,0.393,0.6333333333333333,0.9333333333333332,0.6913333333333332,2.533333333333333,2.1333333333333333,0.9,4.6000000000000005,5.5,5.866666666666667,1.5333333333333332,0.7333333333333334,12.933333333333332,2020.0,1
58,260,Luguentz Dort,31.15,5.35,12.95,0.41000000000000003,2.35,6.8,0.339,2.65,3.35,0.8015,1.55,2.7,0.7,3.0999999999999996,3.8,1.7999999999999998,0.9,0.4,15.65,2020.5,1
59,269,Marcus Morris,28.75,5.25,11.649999999999999,0.4555,2.4,5.4,0.4405,2.1,2.55,0.8214999999999999,1.3,2.5,0.8,3.8,4.55,1.2,0.7,0.4,15.05,2019.5,1
60,270,Marcus Smart,33.1,4.133333333333333,10.6,0.38966666666666666,1.8666666666666665,5.766666666666666,0.325,2.266666666666667,2.8000000000000003,0.7986666666666666,1.9000000000000001,2.5333333333333337,0.6666666666666666,2.966666666666667,3.6999999999999997,5.333333333333333,1.7666666666666666,0.43333333333333335,12.366666666666667,2020.0,1
61,286,Mikal Bridges,31.76666666666667,4.466666666666667,8.366666666666667,0.5303333333333333,1.3666666666666665,3.4,0.397,1.3,1.5333333333333334,0.8453333333333334,0.8666666666666667,2.0,0.9333333333333335,3.1666666666666665,4.1000000000000005,1.9333333333333333,1.3333333333333333,0.6666666666666666,11.566666666666668,2020.0,1
62,287,Mike Conley,28.96666666666667,5.2,11.533333333333333,0.4543333333333333,2.466666666666667,5.900000000000001,0.4206666666666667,2.033333333333333,2.466666666666667,0.8423333333333334,1.9000000000000001,2.033333333333333,0.5666666666666667,2.3333333333333335,2.9,5.266666666666667,1.133333333333333,0.19999999999999998,14.933333333333332,2020.0,1
63,290,Miles Bridges,32.2,5.7,12.366666666666667,0.4633333333333333,1.8333333333333333,5.233333333333333,0.35300000000000004,2.0666666666666664,2.566666666666667,0.8150000000000001,1.6333333333333335,2.3000000000000003,1.3,5.0,6.3,2.433333333333333,0.8333333333333334,0.8000000000000002,15.299999999999999,2020.0,1
64,296,Montrezl Harrell,25.766666666666666,6.266666666666667,10.200000000000001,0.6183333333333333,0.03333333333333333,0.2333333333333333,0.08333333333333333,3.366666666666667,4.766666666666667,0.7056666666666667,1.4000000000000001,2.0666666666666664,2.5,4.7,7.166666666666667,1.6666666666666667,0.6333333333333333,0.8333333333333334,15.9,2020.0,1
65,298,Myles Turner,29.25,4.4,9.05,0.49150000000000005,1.6,4.3,0.3695,1.85,2.55,0.728,1.4,2.6,1.45,5.6,7.05,1.1,0.6499999999999999,2.45,12.35,2020.0,1
66,305,Nickeil Alexander-Walker,28.8,5.0,13.8,0.362,2.0,6.8,0.301,1.5,1.9,0.78,1.5,1.7,1.0,2.9,4.0,2.7,0.9,0.4,13.5,2021.0,1
67,310,Norman Powell,30.03333333333333,5.933333333333334,12.299999999999999,0.48233333333333334,2.1666666666666665,5.266666666666667,0.409,3.1666666666666665,3.6999999999999997,0.846,1.4333333333333333,2.1333333333333333,0.4666666666666666,2.6333333333333333,3.1,1.7666666666666666,1.0666666666666667,0.3666666666666667,17.2,2020.0,1
68,312,Ogugua Anunoby,33.599999999999994,5.85,12.95,0.4675,2.0,5.4,0.378,1.6,2.1,0.7655,1.4,2.55,1.4,3.9499999999999997,5.35,2.1500000000000004,1.45,0.6499999999999999,15.350000000000001,2020.0,1
69,318,P.J. Washington,30.4,4.65,10.45,0.4475,1.65,4.25,0.38,1.6,2.3,0.696,1.8,2.7,1.25,4.75,5.95,2.3,1.0,1.0,12.55,2019.5,1
70,330,R.J. Barrett,32.199999999999996,5.7,13.666666666666666,0.4166666666666667,1.5333333333333332,4.366666666666666,0.35600000000000004,2.6333333333333333,3.8000000000000003,0.6880000000000001,1.9333333333333333,2.2666666666666666,0.8333333333333334,4.666666666666666,5.533333333333334,2.5666666666666664,0.7333333333333334,0.3,15.566666666666668,2020.0,1
71,335,Reggie Jackson,28.15,5.25,12.65,0.4225,2.3,6.300000000000001,0.381,1.2,1.45,0.804,1.5,1.9,0.5,2.7,3.25,3.55,0.6,0.15000000000000002,13.95,2020.5,1
72,336,Richaun Holmes,28.549999999999997,6.05,9.0,0.6719999999999999,0.05,0.2,0.34099999999999997,2.2,2.75,0.8005,1.35,3.3,2.5999999999999996,6.4,8.95,1.5499999999999998,0.44999999999999996,1.3,14.35,2020.5,1
73,337,Ricky Rubio,28.766666666666666,3.866666666666667,10.1,0.3873333333333333,1.3666666666666665,3.9333333333333336,0.33899999999999997,2.5,2.9,0.8573333333333334,2.3333333333333335,2.266666666666667,0.5,3.5,4.0,7.133333333333334,1.3333333333333333,0.16666666666666666,11.633333333333333,2020.0,1
74,348,Rudy Gobert,32.333333333333336,5.5,7.8999999999999995,0.6996666666666668,0.0,0.03333333333333333,0.0,3.766666666666667,5.833333333333333,0.6429999999999999,1.8666666666666665,2.7000000000000006,3.266666666666667,10.633333333333333,13.9,1.2666666666666666,0.8000000000000002,2.3333333333333335,14.766666666666667,2020.0,1
75,349,Rui Hachimura,31.5,5.4,11.4,0.478,0.8,2.4,0.328,2.2,2.8,0.77,1.2,2.1,0.9,4.6,5.5,1.4,0.8,0.1,13.8,2020.0,1
76,352,Saddiq Bey,29.9,4.3,11.5,0.3765,2.15,6.449999999999999,0.33599999999999997,1.65,2.05,0.8,1.1,1.65,1.3,4.05,5.3,1.95,0.85,0.2,12.3,2020.5,1
77,353,Scottie Barnes,35.6,6.1,12.5,0.489,0.7,1.9,0.357,2.1,3.0,0.723,2.0,2.8,2.9,5.2,8.0,3.2,1.2,0.8,15.1,2021.0,1
78,356,Serge Ibaka,27.0,6.2,12.2,0.512,1.3,3.3,0.385,1.6,2.3,0.718,2.0,2.8,2.1,6.1,8.2,1.4,0.5,0.8,15.4,2019.0,1
79,357,Seth Curry,29.2,4.9,10.1,0.488,2.2,5.066666666666666,0.43566666666666665,1.5,1.7666666666666666,0.8686666666666666,1.2666666666666666,1.9666666666666666,0.3666666666666667,2.1333333333333333,2.533333333333333,2.4000000000000004,0.7666666666666667,0.10000000000000002,13.6,2020.0,1
80,362,Spencer Dinwiddie,30.45,5.6,13.85,0.40449999999999997,1.9,5.800000000000001,0.32599999999999996,3.85,4.85,0.8265,2.1,2.45,0.6,3.6,4.2,6.0,0.44999999999999996,0.25,17.0,2020.0,1
81,369,T.J. Warren,32.9,8.0,14.9,0.536,1.4,3.4,0.403,2.5,3.0,0.819,1.3,2.8,1.0,3.2,4.2,1.5,1.2,0.5,19.8,2019.0,1
82,377,Terry Rozier,33.93333333333334,6.733333333333333,15.5,0.434,2.8333333333333335,7.466666666666668,0.38199999999999995,2.3666666666666667,2.766666666666667,0.8536666666666667,1.8333333333333333,1.7,0.6999999999999998,3.4,4.1000000000000005,3.966666666666667,1.2,0.3666666666666667,18.7,2020.0,1
83,382,Tim Hardaway Jr.,29.96666666666667,5.400000000000001,12.866666666666667,0.42166666666666663,2.766666666666667,7.3,0.37666666666666665,2.033333333333333,2.6,0.7883333333333332,0.7999999999999999,1.8,0.3666666666666667,3.1,3.4666666666666663,2.0,0.6666666666666666,0.13333333333333333,15.633333333333335,2020.0,1
84,401,Tyler Herro,30.399999999999995,6.266666666666666,14.233333333333334,0.438,2.3000000000000003,5.966666666666666,0.38166666666666665,1.8333333333333333,2.2,0.8443333333333333,2.1666666666666665,1.3666666666666665,0.5333333333333333,4.333333333333333,4.866666666666666,3.133333333333333,0.6,0.16666666666666666,16.666666666666668,2020.0,1
85,402,Tyrese Haliburton,31.75,4.8,10.649999999999999,0.45199999999999996,1.85,4.75,0.392,0.9,1.15,0.8035,1.75,1.35,0.85,2.55,3.4,5.4,1.55,0.6,12.4,2020.5,1
86,409,Will Barton,32.46666666666667,5.5,12.533333333333331,0.4406666666666667,2.0666666666666664,5.3999999999999995,0.379,1.5,2.0,0.754,1.6333333333333335,1.7,0.9,4.3,5.2,3.6666666666666665,0.9666666666666668,0.43333333333333335,14.6,2020.0,1
0,5,Alec Burks,25.600000000000005,4.266666666666667,10.133333333333333,0.41766666666666663,2.0,4.833333333333333,0.412,2.6666666666666665,3.0666666666666664,0.8556666666666667,1.0666666666666667,2.033333333333333,0.5,3.733333333333333,4.266666666666667,2.3666666666666667,0.8999999999999999,0.3,13.1,2020.0,3
1,27,Blake Griffin,23.75,2.9,7.6,0.3705,1.0,3.9,0.251,1.4,1.95,0.72,0.9,2.3499999999999996,1.0,3.9,4.9,2.5,0.6,0.44999999999999996,8.25,2020.5,3
2,28,Bobby Portis,23.366666666666664,4.8,10.066666666666665,0.48066666666666663,1.3333333333333333,3.233333333333333,0.4119999999999999,1.2333333333333334,1.5333333333333332,0.7723333333333332,1.1666666666666667,2.0333333333333337,1.9333333333333333,5.2,7.133333333333333,1.3333333333333333,0.7000000000000001,0.5333333333333333,12.166666666666666,2020.0,3
3,36,Brook Lopez,26.95,4.449999999999999,9.5,0.469,1.45,4.4,0.326,1.7999999999999998,2.1,0.8405,0.95,2.25,1.2,3.6,4.8,1.1,0.6499999999999999,1.95,12.15,2019.5,3
4,37,"Bruce Brown, Jr.",24.400000000000002,3.3000000000000003,6.833333333333333,0.4833333333333334,0.39999999999999997,1.2333333333333334,0.312,1.0666666666666667,1.5,0.722,1.0333333333333332,2.4666666666666663,1.3333333333333333,3.466666666666667,4.733333333333333,2.2333333333333334,1.0666666666666667,0.4666666666666666,8.066666666666668,2020.0,3
5,44,Cam Reddish,24.6,3.85,9.6,0.39849999999999997,1.5,4.25,0.357,1.85,2.2,0.8465,1.5,1.8499999999999999,0.75,2.55,3.25,1.2,1.1,0.35,11.0,2020.0,3
6,46,Cameron Johnson,23.099999999999998,3.266666666666666,7.733333333333334,0.4246666666666667,1.9333333333333333,5.1000000000000005,0.379,0.8333333333333334,1.0666666666666667,0.7926666666666667,0.6666666666666666,1.4666666666666668,0.6,2.733333333333333,3.2999999999999994,1.3,0.6666666666666666,0.3333333333333333,9.3,2020.0,3
7,49,Cedi Osman,25.76666666666667,3.9333333333333336,9.333333333333334,0.424,2.0,5.433333333333334,0.36533333333333334,1.1333333333333335,1.5,0.7280000000000001,1.2333333333333332,2.033333333333333,0.5,2.766666666666667,3.266666666666666,2.3333333333333335,0.8666666666666667,0.2333333333333333,10.966666666666667,2020.0,3
8,68,Damion Lee,22.96666666666667,3.233333333333333,7.533333333333334,0.439,1.4333333333333333,3.9333333333333336,0.36199999999999993,1.3333333333333333,1.5666666666666667,0.8716666666666667,0.8333333333333334,1.7666666666666668,0.5,3.266666666666667,3.766666666666667,1.7000000000000002,0.7000000000000001,0.10000000000000002,9.299999999999999,2020.0,3
9,71,Daniel Theis,23.833333333333332,3.6,6.766666666666666,0.5326666666666666,0.7333333333333334,2.2666666666666666,0.323,1.1666666666666667,1.633333333333333,0.7286666666666667,1.0,2.8333333333333335,1.5666666666666667,4.066666666666666,5.633333333333333,1.4000000000000001,0.5333333333333333,0.9,9.066666666666666,2020.0,3
10,72,Danilo Gallinari,25.03333333333333,4.266666666666667,9.933333333333334,0.42933333333333334,2.1333333333333333,5.266666666666667,0.4003333333333334,3.1,3.4,0.916,0.8333333333333334,1.4666666666666668,0.43333333333333335,3.9666666666666663,4.433333333333334,1.5999999999999999,0.6,0.16666666666666666,13.800000000000002,2020.0,3
11,73,Danny Green,25.633333333333336,2.966666666666667,6.966666666666666,0.42966666666666664,2.1333333333333333,5.3999999999999995,0.397,0.3666666666666667,0.5,0.8210000000000001,1.0,1.9000000000000001,0.7333333333333334,2.466666666666667,3.1999999999999997,1.3666666666666665,1.3,0.7000000000000001,8.466666666666667,2020.0,3
12,74,Danuel House,30.4,3.7,8.6,0.427,2.0,5.6,0.363,1.2,1.4,0.811,0.9,2.1,0.9,3.3,4.2,1.3,1.1,0.5,10.5,2019.0,3
13,75,Dario Saric,21.049999999999997,3.5,7.5,0.4615,1.1,3.1500000000000004,0.3525,1.65,1.95,0.846,1.2000000000000002,2.15,1.2,3.75,5.0,1.6,0.6,0.15000000000000002,9.7,2019.5,3
14,76,Darius Bazley,25.7,3.4,8.9,0.38133333333333336,1.0999999999999999,3.6666666666666665,0.30333333333333334,1.3666666666666665,2.0,0.6716666666666665,1.4666666666666668,0.9333333333333335,0.7999999999999999,5.133333333333333,5.8999999999999995,1.2666666666666666,0.5666666666666668,0.7999999999999999,9.233333333333334,2020.0,3
15,79,Davion Mitchell,25.6,3.6,9.7,0.373,1.1,4.0,0.281,0.7,1.1,0.654,1.1,2.4,0.7,2.0,2.6,3.4,0.8,0.2,9.1,2021.0,3
16,83,De'Anthony Melton,21.433333333333334,3.2999999999999994,7.966666666666666,0.41566666666666663,1.4000000000000001,3.7999999999999994,0.35333333333333333,1.0,1.3333333333333333,0.7410000000000001,1.4666666666666668,1.6333333333333335,0.7333333333333334,2.9,3.633333333333333,2.6,1.3666666666666665,0.5333333333333333,8.966666666666667,2020.0,3
17,97,Derrick White,28.0,4.25,10.05,0.43100000000000005,1.4,4.300000000000001,0.33199999999999996,2.3,2.75,0.837,1.35,2.2,0.55,2.9,3.45,4.3,0.8500000000000001,0.9,12.25,2020.0,3
18,98,Desmond Bane,25.55,4.8,10.15,0.4715,2.15,5.25,0.41600000000000004,0.8999999999999999,1.0,0.861,1.25,2.15,0.55,3.2,3.75,1.85,0.75,0.30000000000000004,12.65,2020.5,3
19,106,Donte DiVincenzo,25.25,3.65,8.4,0.4375,1.65,4.45,0.35750000000000004,0.9,1.2000000000000002,0.7255,1.4,1.7,1.1,4.15,5.3,2.7,1.2000000000000002,0.25,9.8,2019.5,3
20,107,Dorian Finney-Smith,31.133333333333336,3.5,7.7,0.4573333333333333,1.8333333333333333,4.766666666666667,0.383,0.7333333333333334,1.0999999999999999,0.6793333333333335,0.9,2.3666666666666667,1.7666666666666666,3.4,5.166666666666667,1.6333333333333335,1.0333333333333334,0.4666666666666666,9.566666666666668,2020.0,3
21,108,Doug McDermott,22.2,4.65,9.0,0.51,1.7999999999999998,4.3,0.4115,0.95,1.15,0.822,0.7,1.75,0.65,2.25,2.9,1.2000000000000002,0.25,0.1,11.95,2019.5,3
22,109,Draymond Green,30.85,3.0,5.95,0.505,0.4,1.5,0.29400000000000004,1.2000000000000002,1.75,0.6935,3.05,2.85,1.05,6.55,7.55,8.25,1.5499999999999998,0.9,7.6,2020.5,3
23,112,Dwayne Bacon,25.7,4.1,10.1,0.402,0.8,2.9,0.285,2.0,2.4,0.824,0.6,1.4,0.4,2.7,3.1,1.3,0.6,0.1,10.9,2020.0,3
24,118,Elfrid Payton,23.6,4.3,9.9,0.432,0.4,1.6,0.286,1.2,1.7,0.682,1.6,1.8,1.0,2.4,3.4,3.2,0.7,0.1,10.1,2020.0,3
25,122,Eric Bledsoe,27.766666666666666,4.3999999999999995,10.0,0.43599999999999994,1.2333333333333334,3.8000000000000003,0.3163333333333333,2.1,2.733333333333333,0.7713333333333333,2.0,1.7666666666666668,0.6,3.3666666666666667,4.0,4.2,1.0,0.3666666666666667,12.066666666666665,2020.0,3
26,134,Furkan Korkmaz,21.36666666666667,3.266666666666667,8.066666666666666,0.4036666666666667,1.8,4.966666666666667,0.36433333333333334,1.0333333333333334,1.3333333333333333,0.765,0.8666666666666667,1.1666666666666667,0.26666666666666666,2.1333333333333333,2.433333333333333,1.7333333333333332,0.7333333333333334,0.16666666666666666,9.333333333333334,2020.0,3
27,136,Garrett Temple,24.76666666666667,2.766666666666666,7.033333333333334,0.39366666666666666,1.4000000000000001,4.233333333333333,0.342,0.8666666666666667,1.0999999999999999,0.799,0.9333333333333332,1.9000000000000001,0.5666666666666667,2.466666666666667,3.0666666666666664,1.9333333333333336,0.8666666666666667,0.5333333333333333,7.833333333333333,2020.0,3
28,138,Gary Harris,28.55,3.45,8.3,0.415,1.05,3.5999999999999996,0.30700000000000005,0.95,1.2000000000000002,0.774,1.1,1.9500000000000002,0.6,1.9,2.55,1.9,1.0499999999999998,0.15000000000000002,8.95,2020.0,3
29,141,George Hill,24.4,3.05,6.35,0.479,1.2,3.0,0.394,1.2999999999999998,1.5,0.8855,1.0,1.6,0.8500000000000001,2.45,3.3,2.8,0.8,0.1,8.55,2020.0,3
30,144,Glenn Robinson,28.8,4.6,9.5,0.487,1.2,3.2,0.391,1.2,1.4,0.86,0.9,1.6,1.3,3.0,4.4,1.5,0.9,0.3,11.7,2019.0,3
31,150,Grayson Allen,27.049999999999997,4.05,9.25,0.4345,2.6,6.35,0.40800000000000003,1.4,1.6,0.8734999999999999,0.8,1.5,0.45,3.0,3.45,1.75,0.8,0.25,12.05,2020.5,3
32,153,Hassan Whiteside,22.65,4.6,7.55,0.6025,0.05,0.05,0.2855,1.9,2.8,0.692,1.4,2.95,2.95,7.05,9.95,0.75,0.30000000000000004,2.1,11.1,2020.0,3
33,154,Herb Jones,26.4,2.7,5.8,0.455,0.3,0.9,0.333,0.8,1.0,0.792,1.1,3.1,1.3,1.9,3.2,1.7,1.5,0.8,6.4,2021.0,3
34,155,Immanuel Quickley,20.2,3.4000000000000004,8.6,0.3925,1.75,4.800000000000001,0.368,2.0,2.25,0.91,0.95,1.85,0.45,1.85,2.2,2.2,0.55,0.1,10.55,2020.5,3
35,157,Isaac Okoro,30.6,3.05,7.800000000000001,0.38949999999999996,0.8,3.1500000000000004,0.254,1.5499999999999998,2.0999999999999996,0.7344999999999999,1.2000000000000002,2.55,1.2,2.35,3.5999999999999996,1.85,0.9,0.35,8.45,2020.5,3
36,159,Isaiah Roby,23.4,3.4,7.0,0.483,0.5,1.8,0.294,1.4,1.9,0.744,1.9,2.7,1.5,4.1,5.6,1.8,0.9,0.6,8.7,2020.0,3
37,160,Isaiah Stewart II,23.35,3.3,6.05,0.55,0.15,0.7,0.21200000000000002,0.8500000000000001,1.25,0.696,1.0,2.6,2.4,4.9,7.35,1.0,0.44999999999999996,1.25,7.7,2020.5,3
38,167,Jaden McDaniels,24.55,2.55,6.05,0.4245,0.9,2.9000000000000004,0.316,0.35,0.6,0.618,0.85,3.25,1.2000000000000002,2.8499999999999996,4.050000000000001,0.9500000000000001,0.8,0.8,6.449999999999999,2020.5,3
39,168,Jae Crowder,28.066666666666666,3.3000000000000003,8.333333333333332,0.39733333333333337,2.1666666666666665,5.966666666666666,0.3566666666666667,1.1666666666666667,1.5333333333333332,0.7690000000000001,0.9333333333333335,2.2,0.6,4.5,5.133333333333334,2.0,1.0666666666666667,0.4666666666666666,9.933333333333332,2020.0,3
40,169,Jae'sean Tate,28.7,4.7,9.350000000000001,0.504,0.8,2.75,0.29100000000000004,1.7,2.25,0.738,1.7,3.25,2.0,4.0,5.949999999999999,2.6,1.0,0.6,11.850000000000001,2020.5,3
41,171,Jalen Brunson,23.933333333333334,4.6000000000000005,9.266666666666667,0.49299999999999994,1.0,2.6999999999999997,0.367,1.6000000000000003,1.9666666666666666,0.8000000000000002,1.3,1.5999999999999999,0.43333333333333335,2.733333333333333,3.1999999999999997,3.9,0.5666666666666668,0.03333333333333333,11.766666666666666,2020.0,3
42,183,Jarrett Culver,23.9,3.7,9.0,0.404,1.0,3.5,0.299,0.9,1.9,0.462,1.3,2.0,1.1,2.3,3.4,1.7,0.9,0.6,9.2,2019.0,3
43,188,Jeff Green,23.766666666666666,3.5,7.3999999999999995,0.4756666666666667,1.2,3.3333333333333335,0.35966666666666663,1.8333333333333333,2.3333333333333335,0.7959999999999999,0.9,1.8999999999999997,0.4666666666666666,2.7999999999999994,3.266666666666667,1.2333333333333334,0.43333333333333335,0.43333333333333335,10.066666666666668,2020.0,3
44,197,Joe Ingles,27.400000000000002,3.433333333333333,7.3999999999999995,0.4626666666666667,2.2333333333333334,5.3,0.41900000000000004,0.8000000000000002,1.0,0.84,1.5999999999999999,1.8666666666666665,0.43333333333333335,3.0666666666666664,3.5,4.333333333333333,0.7000000000000001,0.16666666666666666,9.933333333333334,2020.0,3
45,205,Jordan Poole,24.0,4.466666666666667,10.800000000000002,0.4056666666666667,1.9999999999999998,5.966666666666666,0.32766666666666666,2.0000000000000004,2.266666666666666,0.8646666666666668,1.5999999999999999,2.0666666666666664,0.26666666666666666,2.1,2.3666666666666667,2.6,0.7000000000000001,0.20000000000000004,12.9,2020.0,3
46,207,Josh Hart,28.55,3.8,8.3,0.45499999999999996,1.35,3.9000000000000004,0.334,1.7000000000000002,2.1,0.7935,1.2999999999999998,2.65,0.95,5.449999999999999,6.4,2.75,0.95,0.4,10.6,2020.0,3
47,208,Josh Jackson,22.0,3.7,8.9,0.4165,1.0,3.55,0.294,1.85,2.55,0.713,1.7,2.4,0.75,3.05,3.8,1.95,0.7,0.65,10.35,2020.5,3
48,210,Josh Richardson,28.400000000000002,4.366666666666666,9.9,0.4406666666666667,1.3666666666666665,4.033333333333333,0.33666666666666667,1.7,2.0,0.8420000000000001,1.3,2.1999999999999997,0.6999999999999998,2.3333333333333335,3.0666666666666664,2.266666666666667,0.8333333333333334,0.5333333333333333,11.699999999999998,2020.0,3
49,215,Justin Holiday,27.8,3.3333333333333335,8.133333333333333,0.413,2.1999999999999997,5.833333333333333,0.38133333333333336,0.6333333333333333,0.8666666666666667,0.7686666666666667,0.7666666666666667,1.9666666666666668,0.3666666666666667,2.8333333333333335,3.233333333333333,1.5666666666666667,0.9,0.5,9.566666666666666,2020.0,3
50,219,Jusuf Nurkic,24.7,5.1,8.7,0.59,0.2,0.8,0.25,3.0,4.0,0.747,1.9,2.9,2.5,7.7,10.2,2.2,1.1,0.6,13.4,2021.0,3
51,226,Kelly Olynyk,23.633333333333336,4.0,8.566666666666668,0.4683333333333333,1.5333333333333332,4.3,0.363,1.8333333333333333,2.5,0.7629999999999999,1.4666666666666668,2.766666666666667,1.0666666666666667,4.533333333333333,5.633333333333333,2.3,1.0666666666666667,0.5333333333333333,11.4,2020.0,3
52,232,Kentavious Caldwell-Pope,27.633333333333336,3.5666666666666664,8.033333333333333,0.44333333333333336,1.7333333333333334,4.366666666666667,0.3993333333333333,1.3,1.5666666666666667,0.8453333333333334,1.0333333333333334,1.8333333333333333,0.5333333333333333,2.2666666666666666,2.8000000000000003,1.7333333333333332,1.0,0.3,10.133333333333335,2020.0,3
53,237,"Kevin Porter, Jr.",26.7,4.050000000000001,10.3,0.4,1.4500000000000002,4.5,0.322,1.9,2.85,0.6759999999999999,2.95,2.5,0.6000000000000001,3.2,3.8000000000000003,4.0,1.1,0.3,11.4,2020.0,3
54,241,Killian Hayes,26.0,2.2,6.6,0.336,1.1,3.0,0.352,0.9,0.9,0.941,1.7,2.8,0.7,3.0,3.7,3.7,1.3,0.4,6.4,2021.0,3
55,243,Kris Dunn,24.9,3.0,6.7,0.444,0.6,2.2,0.259,0.8,1.1,0.741,1.3,3.1,0.5,3.2,3.6,3.4,2.0,0.3,7.3,2019.0,3
56,245,Kyle Anderson,22.933333333333334,3.2999999999999994,7.233333333333334,0.457,0.8999999999999999,2.4999999999999996,0.334,1.2,1.5999999999999999,0.7463333333333333,1.0666666666666667,1.5999999999999999,0.9333333333333335,4.166666666666667,5.066666666666666,2.8000000000000003,0.9666666666666668,0.6333333333333333,8.700000000000001,2020.0,3
57,252,Landry Shamet,23.399999999999995,2.8000000000000003,7.133333333333333,0.3960000000000001,2.0,5.2,0.38866666666666666,1.1333333333333335,1.3333333333333333,0.8446666666666666,0.7000000000000001,1.7666666666666668,0.16666666666666666,1.9333333333333333,2.0666666666666664,1.7333333333333332,0.4000000000000001,0.16666666666666666,8.8,2020.0,3
58,253,Langston Galloway,25.8,3.6,8.2,0.435,2.0,5.0,0.399,1.1,1.3,0.859,0.6,1.5,0.5,1.8,2.3,1.5,0.7,0.2,10.3,2019.0,3
59,254,"Larry Nance, Jr.",23.3,3.3,6.2,0.5345,0.75,2.2,0.32999999999999996,0.8,1.25,0.6485000000000001,0.9500000000000001,1.5,1.65,4.45,6.1,1.8,0.95,0.4,8.15,2020.0,3
60,257,Lonnie Walker,21.266666666666666,3.466666666666667,8.633333333333333,0.40499999999999997,1.3,3.8666666666666667,0.34900000000000003,0.9333333333333332,1.2,0.7843333333333332,1.0333333333333334,1.4333333333333333,0.23333333333333336,2.3333333333333335,2.6,1.7666666666666668,0.5666666666666667,0.2333333333333333,9.166666666666666,2020.0,3
61,259,Lou Williams,21.266666666666666,4.1000000000000005,10.066666666666668,0.4026666666666667,1.1333333333333333,3.0666666666666664,0.3706666666666667,2.6333333333333333,3.0333333333333337,0.858,1.7666666666666666,1.0,0.3666666666666667,1.8333333333333333,2.1999999999999997,3.4333333333333336,0.6666666666666666,0.13333333333333333,11.933333333333332,2020.0,3
62,262,Luke Kennard,23.8,3.45,7.6499999999999995,0.4535,2.05,4.75,0.4375,0.5,0.55,0.8885,0.8,1.45,0.2,2.75,3.0,1.75,0.6000000000000001,0.1,9.45,2020.5,3
63,265,Malik Beasley,23.85,4.0,10.3,0.39049999999999996,2.3,6.55,0.36150000000000004,0.85,1.05,0.7725,0.8,1.2999999999999998,0.35,2.55,2.9000000000000004,1.45,0.6499999999999999,0.15000000000000002,11.149999999999999,2020.0,3
64,266,Malik Monk,22.8,3.9,8.600000000000001,0.45,1.4500000000000002,4.25,0.3295,1.15,1.35,0.823,1.35,1.4,0.45,2.3,2.75,2.1500000000000004,0.6,0.25,10.3,2020.0,3
65,272,Markelle Fultz,27.7,5.0,10.7,0.465,0.5,1.9,0.267,1.6,2.2,0.73,2.0,2.0,0.6,2.7,3.3,5.1,1.2,0.2,12.1,2019.0,3
66,276,Mason Plumlee,23.400000000000002,3.3666666666666667,5.5,0.6083333333333333,0.0,0.06666666666666667,0.0,1.4333333333333333,2.6999999999999997,0.5166666666666667,1.4666666666666666,2.8666666666666667,2.233333333333333,5.0,7.233333333333333,2.966666666666667,0.7000000000000001,0.8333333333333334,8.133333333333333,2020.0,3
67,282,Maxi Kleber,26.15,2.75,6.2,0.4415,1.65,4.25,0.39149999999999996,0.9,1.0,0.884,0.7,2.25,1.2,4.0,5.2,1.2999999999999998,0.4,0.9,8.1,2019.5,3
68,285,"Michael Porter, Jr.",25.7,4.966666666666666,10.6,0.47000000000000003,1.6666666666666667,4.766666666666667,0.35833333333333334,1.1333333333333333,1.5,0.7266666666666666,1.1666666666666667,1.9000000000000001,1.2333333333333334,4.966666666666666,6.199999999999999,1.2666666666666666,0.7666666666666666,0.5333333333333333,12.733333333333334,2020.0,3
69,291,Mitchell Robinson,24.25,3.5,4.699999999999999,0.746,0.0,0.0,0.0,1.35,2.3,0.5885,0.6,2.95,3.15,4.35,7.5,0.6499999999999999,0.7,1.9,8.35,2020.0,3
70,295,Monte Morris,25.866666666666664,4.3,8.966666666666667,0.474,1.1,3.0666666666666664,0.36533333333333334,0.8333333333333334,1.0666666666666667,0.746,0.9,1.2,0.26666666666666666,1.9000000000000001,2.1999999999999997,3.6666666666666665,0.7333333333333334,0.20000000000000004,10.433333333333332,2020.0,3
71,306,Nicolas Batum,27.5,3.25,6.5,0.49250000000000005,1.95,4.65,0.42100000000000004,0.55,0.8,0.6639999999999999,0.8,1.35,0.6,4.5,5.1,1.85,1.05,0.7,8.95,2020.5,3
72,317,P.J. Tucker,29.266666666666666,2.1,4.8,0.4266666666666667,1.0999999999999999,2.9666666666666663,0.37033333333333335,0.43333333333333335,0.5666666666666667,0.8026666666666668,0.8666666666666667,2.7000000000000006,1.4000000000000001,3.933333333333333,5.3,1.5,0.8666666666666667,0.39999999999999997,5.7,2020.0,3
73,320,Pat Connaughton,23.400000000000002,2.9333333333333336,6.3,0.4623333333333333,1.7,4.266666666666667,0.377,0.5666666666666668,0.7333333333333334,0.77,0.7000000000000001,1.2666666666666666,0.8666666666666667,3.733333333333333,4.6000000000000005,1.3999999999999997,0.6666666666666666,0.3666666666666667,8.166666666666666,2020.0,3
74,321,Patrick Beverley,24.733333333333334,2.8333333333333335,6.433333333333334,0.43733333333333335,1.4333333333333336,3.766666666666667,0.3746666666666667,0.7999999999999999,1.0666666666666667,0.722,1.1333333333333335,3.033333333333333,1.1,3.133333333333333,4.266666666666667,3.4,0.9333333333333335,0.7666666666666666,7.833333333333333,2020.0,3
75,323,Patrick Williams,26.4,3.1,6.0,0.524,0.7,1.5499999999999998,0.4455,1.05,1.3,0.864,0.8999999999999999,1.8,0.55,2.85,3.4,1.0,0.75,0.5,7.8999999999999995,2020.5,3
76,324,Patty Mills,25.3,4.033333333333333,9.266666666666666,0.434,2.6,6.366666666666667,0.40666666666666673,1.0,1.1333333333333335,0.9016666666666667,0.8666666666666667,1.3666666666666665,0.26666666666666666,1.4000000000000001,1.7,2.1999999999999997,0.6666666666666666,0.10000000000000002,11.633333333333333,2020.0,3
77,334,Reggie Bullock,26.7,2.95,7.35,0.3915,1.8,5.25,0.33399999999999996,0.5,0.6000000000000001,0.767,0.6499999999999999,1.8,0.2,2.85,3.05,1.05,0.55,0.15000000000000002,8.2,2020.5,3
78,338,Robert Covington,29.666666666666668,3.233333333333333,7.933333333333334,0.4056666666666667,1.9333333333333333,5.533333333333334,0.35400000000000004,0.7333333333333333,0.9333333333333332,0.868,1.1666666666666667,2.6666666666666665,0.7666666666666666,5.199999999999999,5.966666666666666,1.4000000000000001,1.3333333333333333,1.1666666666666667,9.166666666666666,2020.0,3
79,339,Robert Williams,23.6,3.8499999999999996,5.25,0.734,0.0,0.0,0.0,1.0,1.5499999999999998,0.6305000000000001,1.0,1.8,3.1,4.55,7.65,1.5,0.8,1.8,8.65,2020.5,3
80,346,Royce O'Neale,30.633333333333336,2.5333333333333337,5.533333333333334,0.45366666666666666,1.4666666666666668,3.8000000000000003,0.38433333333333336,0.5666666666666668,0.7333333333333334,0.7726666666666665,1.0999999999999999,2.566666666666667,0.8666666666666667,4.8999999999999995,5.766666666666667,2.4,1.0333333333333332,0.5666666666666667,7.1000000000000005,2020.0,3
81,347,Rudy Gay,21.65,4.1,9.45,0.433,1.4,3.85,0.35850000000000004,1.55,1.8,0.843,1.15,1.65,0.8,4.3,5.1,1.5499999999999998,0.6,0.55,11.100000000000001,2019.5,3
82,358,Shabazz Napier,24.0,3.4,8.1,0.412,1.4,4.3,0.317,2.2,2.7,0.824,2.3,1.8,0.5,2.4,2.8,4.7,1.2,0.2,10.3,2019.0,3
83,360,Shake Milton,24.35,4.699999999999999,10.25,0.4565,1.05,3.1500000000000004,0.33899999999999997,1.95,2.3,0.856,1.35,2.0,0.5,2.15,2.7,3.0,0.6499999999999999,0.35,12.35,2020.5,3
84,366,Steven Adams,26.366666666666664,3.466666666666667,5.966666666666666,0.577,0.0,0.03333333333333333,0.111,1.5999999999999999,2.7999999999999994,0.5609999999999999,1.4333333333333333,1.8666666666666665,3.6,5.333333333333333,8.9,2.3,0.8333333333333334,0.8666666666666667,8.566666666666668,2020.0,3
85,368,T.J. McConnell,22.96666666666667,3.6,6.8,0.526,0.19999999999999998,0.6333333333333333,0.2953333333333334,0.5,0.6333333333333333,0.7736666666666666,1.5333333333333332,1.4666666666666668,0.7000000000000001,2.5,3.233333333333333,5.466666666666666,1.2333333333333334,0.3,7.833333333333333,2020.0,3
86,372,Taurean Prince,22.2,2.9,7.75,0.368,1.5499999999999998,4.75,0.30900000000000005,0.8,1.1,0.752,1.25,2.0,0.65,3.35,4.0,1.3,0.7,0.30000000000000004,8.15,2020.0,3
87,376,Terrence Ross,25.95,4.2,10.55,0.3975,1.9500000000000002,5.9,0.3235,2.0,2.4000000000000004,0.8265,1.25,1.4,0.2,2.45,2.7,1.6,0.8,0.25,12.3,2020.0,3
88,378,Thaddeus Young,21.433333333333334,4.266666666666667,8.166666666666666,0.5299999999999999,0.4666666666666666,1.4666666666666668,0.20766666666666667,0.6999999999999998,1.2,0.5496666666666666,1.6000000000000003,1.9000000000000001,1.8333333333333333,3.1333333333333333,4.866666666666666,2.9000000000000004,1.1666666666666667,0.4333333333333333,9.700000000000001,2020.0,3
89,380,Theo Maledon,27.4,3.5,9.4,0.368,1.6,4.8,0.335,1.6,2.1,0.748,2.2,1.9,0.4,2.9,3.2,3.5,0.9,0.2,10.1,2020.0,3
90,393,Trevor Ariza,28.2,2.7,6.1,0.438,1.5,3.9,0.372,1.2,1.4,0.838,1.1,2.1,0.6,4.0,4.6,1.7,1.3,0.3,8.0,2019.0,3
91,397,Tristan Thompson,27.0,4.1,7.95,0.515,0.1,0.25,0.1955,1.5,2.5,0.6034999999999999,1.4500000000000002,2.2,3.55,5.6,9.1,1.65,0.5,0.75,9.8,2019.5,3
92,398,"Troy Brown, Jr.",25.8,4.0,9.0,0.439,0.9,2.6,0.341,1.6,2.0,0.784,1.1,1.9,1.1,4.4,5.6,2.6,1.2,0.1,10.4,2019.0,3
93,403,Tyrese Maxey,25.35,4.800000000000001,10.4,0.4635,0.8,2.4,0.33099999999999996,2.1,2.35,0.8815,0.95,1.85,0.30000000000000004,2.45,2.75,3.45,0.55,0.4,12.6,2020.5,3
94,406,"Wendell Carter, Jr.",27.2,4.699999999999999,9.2,0.5095000000000001,0.85,2.4,0.3255,1.95,2.75,0.718,1.35,2.6500000000000004,2.25,6.8,9.05,2.05,0.6499999999999999,0.7,12.2,2020.5,3
0,1,Aaron Holiday,19.933333333333334,2.8333333333333335,6.833333333333333,0.41533333333333333,0.9333333333333332,2.533333333333333,0.371,0.8666666666666667,1.0999999999999999,0.8116666666666666,1.1333333333333335,1.5999999999999999,0.2333333333333333,1.5,1.7666666666666668,2.433333333333333,0.6999999999999998,0.2333333333333333,7.5,2020.0,0
1,7,Alex Caruso,22.666666666666668,2.3333333333333335,5.3999999999999995,0.43,0.8333333333333334,2.4333333333333336,0.35566666666666663,1.2333333333333334,1.6333333333333335,0.7453333333333333,1.2,2.033333333333333,0.6,2.3,2.8333333333333335,2.933333333333333,1.4666666666666668,0.3333333333333333,6.8,2020.0,0
2,8,Alex Len,16.450000000000003,2.95,5.05,0.585,0.2,0.75,0.2955,1.15,1.85,0.6385000000000001,0.95,2.15,1.5,3.4,4.949999999999999,0.8500000000000001,0.35,0.95,7.3,2019.5,0
3,9,Alperen Sengun,18.0,2.9,5.9,0.488,0.5,1.2,0.37,2.5,3.5,0.701,1.8,3.0,1.4,3.1,4.5,2.6,1.1,0.6,8.6,2021.0,0
4,12,Andre Iguodala,21.0,1.5,3.75,0.401,0.7,2.4,0.2735,0.35,0.55,0.6625000000000001,0.9500000000000001,1.2,0.6499999999999999,2.8499999999999996,3.5,3.05,0.8500000000000001,0.7,4.1,2020.5,0
5,14,Anfernee Simons,20.333333333333332,3.4,7.966666666666666,0.4256666666666667,1.6666666666666667,4.333333333333333,0.37966666666666665,0.8666666666666667,1.0333333333333334,0.86,0.9,1.6666666666666667,0.3666666666666667,1.9666666666666666,2.3333333333333335,1.6666666666666667,0.4000000000000001,0.13333333333333333,9.366666666666667,2020.0,0
6,19,Aron Baynes,18.5,2.5,5.7,0.441,0.5,1.9,0.262,0.5,0.8,0.707,0.9,2.2,1.6,3.5,5.2,0.9,0.3,0.4,6.1,2020.0,0
7,20,Austin Rivers,20.45,2.3,5.85,0.38349999999999995,1.0499999999999998,3.35,0.3135,0.65,0.9500000000000001,0.6014999999999999,0.6499999999999999,1.5499999999999998,0.4,1.6500000000000001,2.0,1.25,0.6,0.1,6.3500000000000005,2020.0,0
8,21,Avery Bradley,22.4,1.9,5.0,0.378,1.0,3.0,0.354,0.1,0.1,1.0,0.6,1.4,0.5,2.0,2.5,0.8,0.6,0.2,5.0,2021.0,0
9,22,Ayo Dosunmu,17.2,2.5,5.0,0.496,0.7,1.7,0.415,0.4,0.7,0.588,0.8,1.4,0.5,1.7,2.2,1.1,0.4,0.2,6.0,2021.0,0
10,24,Ben McLemore,19.950000000000003,2.95,7.300000000000001,0.40700000000000003,2.15,5.85,0.373,0.7,0.95,0.741,0.75,1.9500000000000002,0.3,1.75,2.05,0.75,0.5,0.2,8.9,2019.5,0
11,26,Bismack Biyombo,19.9,2.5,4.45,0.565,0.0,0.0,0.0,1.2,2.2,0.5255,1.0,2.1500000000000004,2.2,3.35,5.55,1.05,0.25,1.0,6.2,2019.5,0
12,31,Bones Hyland,15.8,2.7,6.9,0.385,1.7,4.7,0.352,1.0,1.1,0.938,0.9,1.7,0.3,1.6,1.9,1.7,0.7,0.2,8.0,2021.0,0
13,32,Brad Wanamaker,18.3,2.0999999999999996,5.0,0.4165,0.4,1.4,0.27549999999999997,1.65,1.7999999999999998,0.9085000000000001,1.15,1.7,0.3,1.5499999999999998,1.85,2.7,0.8,0.2,6.2,2019.5,0
14,34,Brandon Clarke,20.8,4.266666666666667,7.400000000000001,0.5816666666666667,0.26666666666666666,1.0,0.23666666666666666,1.2333333333333334,1.7333333333333332,0.7053333333333334,0.6333333333333333,1.5999999999999999,1.6333333333333335,3.6333333333333333,5.3,1.4666666666666668,0.6666666666666666,0.8666666666666667,10.033333333333333,2020.0,0
15,39,Bryn Forbes,19.633333333333333,3.366666666666667,7.5,0.4533333333333333,1.9000000000000001,4.6000000000000005,0.4163333333333334,0.8333333333333334,1.0,0.805,0.7999999999999999,1.2333333333333334,0.16666666666666666,1.4333333333333333,1.5999999999999999,1.0,0.39999999999999997,0.0,9.433333333333334,2020.0,0
16,43,Caleb Martin,17.15,2.2,5.199999999999999,0.41900000000000004,0.6,2.2,0.27949999999999997,0.8500000000000001,1.35,0.6174999999999999,0.55,1.2999999999999998,0.7,2.1500000000000004,2.85,1.1,0.8,0.35,5.85,2020.5,0
17,47,Cameron Payne,18.1,3.3,7.8,0.432,1.15,3.15,0.379,1.25,1.5,0.859,1.35,1.65,0.35,2.3,2.5999999999999996,3.25,0.6,0.3,9.05,2020.5,0
18,50,Chris Boucher,17.03333333333333,3.1666666666666665,6.7,0.461,0.8666666666666667,2.766666666666667,0.2966666666666667,1.7,2.233333333333334,0.7526666666666667,0.6,1.9999999999999998,1.6666666666666667,3.366666666666667,5.066666666666666,0.6000000000000001,0.5,1.2333333333333334,8.833333333333334,2020.0,0
19,54,Chuma Okeke,21.3,2.6,6.9,0.382,0.7,3.2,0.233,1.2,1.4,0.852,0.8,1.3,0.6,3.5,4.1,1.2,0.7,0.3,7.2,2021.0,0
20,57,Cody Martin,20.266666666666666,2.1999999999999997,4.766666666666667,0.4506666666666666,0.5666666666666668,1.6000000000000003,0.3333333333333333,0.8666666666666667,1.3,0.6506666666666666,0.7666666666666666,1.4333333333333336,1.0333333333333332,2.533333333333333,3.5666666666666664,2.033333333333333,0.9333333333333332,0.3,5.8,2020.0,0
21,58,Cody Zeller,18.200000000000003,3.05,5.75,0.5449999999999999,0.15,0.75,0.12,1.8,2.55,0.724,1.0,2.25,2.3,3.55,5.85,1.15,0.5,0.30000000000000004,8.1,2020.0,0
22,62,Cory Joseph,22.96666666666667,2.6,5.8999999999999995,0.4366666666666667,0.6666666666666666,2.0333333333333337,0.3336666666666666,1.1333333333333335,1.4333333333333333,0.8346666666666666,1.2666666666666668,1.8333333333333333,0.5,1.8333333333333333,2.3000000000000003,3.466666666666667,0.8333333333333334,0.26666666666666666,7.033333333333334,2020.0,0
23,64,D.J. Augustin,19.066666666666666,2.3000000000000003,5.733333333333333,0.39999999999999997,1.2,3.1666666666666665,0.37833333333333335,1.7,1.9000000000000001,0.892,1.2333333333333334,0.9666666666666668,0.3,1.3,1.5333333333333332,3.3333333333333335,0.4333333333333333,0.0,7.466666666666666,2020.0,0
24,69,Damyean Dotson,17.4,2.5,6.0,0.414,1.2,3.4,0.362,0.5,0.7,0.667,0.4,0.9,0.2,1.7,1.9,1.2,0.5,0.1,6.7,2019.0,0
25,70,Daniel Gafford,17.799999999999997,3.4,5.050000000000001,0.6755,0.0,0.0,0.0,1.25,1.9,0.6795,0.9500000000000001,2.2,1.85,3.25,5.15,0.75,0.5,1.65,8.0,2020.5,0
26,84,DeAndre Jordan,19.233333333333334,2.966666666666667,4.233333333333333,0.7106666666666667,0.0,0.0,0.0,0.8666666666666667,1.4333333333333336,0.5933333333333334,1.2,1.9333333333333333,2.1,5.733333333333333,7.833333333333333,1.3,0.3,0.9333333333333335,6.866666666666667,2020.0,0
27,85,DeAndre' Bembry,19.6,2.4,4.45,0.5435,0.35,1.0,0.3365,0.65,1.05,0.5780000000000001,1.0499999999999998,2.0,0.6499999999999999,2.4000000000000004,3.0999999999999996,1.6,1.0,0.45,5.75,2020.5,0
28,87,Dean Wade,20.799999999999997,1.9500000000000002,4.7,0.41700000000000004,1.05,3.15,0.33199999999999996,0.4,0.5,0.8009999999999999,0.4,1.6,0.7,2.65,3.3,1.25,0.6499999999999999,0.2,5.4,2020.5,0
29,90,Delon Wright,21.066666666666666,2.466666666666667,5.5,0.43733333333333335,0.6333333333333333,1.7666666666666666,0.37433333333333335,1.1,1.3666666666666665,0.779,0.9,1.0,0.9333333333333332,2.6999999999999997,3.633333333333333,3.266666666666667,1.1666666666666667,0.3,6.7,2020.0,0
30,91,Deni Avdija,22.3,2.3,5.55,0.4205,0.9,2.8,0.3105,0.65,1.05,0.65,0.55,2.35,0.6000000000000001,4.2,4.85,1.2,0.6,0.5,6.199999999999999,2020.5,0
31,93,Denzel Valentine,16.7,2.5,6.7,0.373,1.3,3.9,0.331,0.3,0.3,0.941,0.7,1.1,0.4,2.8,3.2,1.7,0.5,0.1,6.5,2020.0,0
32,94,Derrick Favors,18.8,3.0,5.133333333333334,0.585,0.03333333333333333,0.19999999999999998,0.131,0.7333333333333334,1.1333333333333333,0.624,0.6333333333333334,1.8,2.2333333333333334,4.533333333333333,6.766666666666667,0.8666666666666667,0.5333333333333333,0.7000000000000001,6.733333333333333,2020.0,0
33,95,Derrick Jones,21.333333333333332,2.733333333333333,5.166666666666667,0.5326666666666666,0.5333333333333333,1.8666666666666665,0.3,1.3,1.7666666666666668,0.7479999999999999,0.5333333333333333,2.2666666666666666,1.2666666666666668,2.4,3.6666666666666665,0.8333333333333334,0.7000000000000001,0.8333333333333334,7.366666666666667,2020.0,0
34,100,Devin Vassell,21.0,3.2,7.2,0.43700000000000006,1.3,3.55,0.3675,0.8,1.0,0.7849999999999999,0.55,1.7,0.45,2.8,3.25,1.15,0.95,0.5,8.55,2020.5,0
35,102,Dewayne Dedmon,15.7,2.1,3.8,0.552,0.3,0.4,0.636,1.1,1.4,0.778,0.9,2.1,1.8,3.9,5.6,0.6,0.4,0.5,5.6,2021.0,0
36,113,Dwight Howard,17.0,2.466666666666667,3.766666666666667,0.6523333333333333,0.10000000000000002,0.2333333333333333,0.5213333333333333,1.5333333333333332,2.6666666666666665,0.5696666666666667,1.2666666666666666,2.6666666666666665,2.2666666666666666,4.833333333333333,7.033333333333334,0.6999999999999998,0.5333333333333333,0.9,6.533333333333334,2020.0,0
37,114,Dwight Powell,18.3,2.2,3.65,0.606,0.2,0.6000000000000001,0.303,1.45,1.9,0.741,0.7,2.3499999999999996,1.7,2.6500000000000004,4.25,1.1,0.55,0.55,6.050000000000001,2020.5,0
38,116,E'Twaun Moore,18.2,3.3,7.8,0.426,1.1,3.0,0.377,0.6,0.8,0.689,0.7,1.4,0.6,1.8,2.3,1.4,0.6,0.2,8.3,2019.0,0
39,117,Edmond Sumner,16.2,2.8,5.3,0.525,0.7,1.7,0.398,1.3,1.6,0.819,1.0,1.7,0.3,1.4,1.8,0.9,0.6,0.2,7.5,2020.0,0
40,120,Emmanuel Mudiay,15.7,2.8,6.1,0.462,0.6,1.6,0.345,1.2,1.5,0.759,1.4,1.3,0.3,2.0,2.3,2.1,0.4,0.2,7.3,2019.0,0
41,121,Enes Kanter,20.7,4.05,6.9,0.588,0.0,0.1,0.1965,1.5,2.0,0.7404999999999999,1.05,2.0,3.3499999999999996,5.85,9.2,1.1,0.45,0.7,9.649999999999999,2019.5,0
42,124,Eric Paschall,19.85,3.3,6.85,0.45899999999999996,0.55,2.0,0.2825,1.6500000000000001,2.2,0.74,1.05,1.4500000000000002,1.0499999999999998,2.25,3.3,1.4,0.3,0.2,8.8,2020.0,0
43,125,Ersan Ilyasova,15.7,2.3,5.0,0.466,0.8,2.2,0.365,1.1,1.4,0.828,0.5,1.5,1.0,3.8,4.8,0.8,0.4,0.3,6.6,2019.0,0
44,128,Facundo Campazzo,20.35,1.85,4.699999999999999,0.3935,1.15,3.0999999999999996,0.3665,1.0,1.2,0.8445,1.1,1.95,0.35,1.5499999999999998,1.9,3.05,1.05,0.2,5.85,2020.5,0
45,129,Frank Jackson,17.4,2.8,6.95,0.398,1.2000000000000002,3.8499999999999996,0.312,1.1,1.4500000000000002,0.79,0.8500000000000001,1.35,0.35,1.0,1.35,0.85,0.4,0.15000000000000002,7.85,2020.0,0
46,130,Frank Kaminsky,15.2,2.6,5.5,0.471,0.7,1.8,0.365,0.8,1.3,0.617,0.5,1.5,0.8,3.2,4.0,1.7,0.3,0.4,6.6,2020.0,0
47,131,Frank Ntilikina,17.35,1.95,5.25,0.3715,0.8500000000000001,2.5,0.331,0.8,0.85,0.9319999999999999,0.8999999999999999,1.8,0.30000000000000004,1.7,2.0,2.2,0.8,0.25,5.6,2020.0,0
48,142,Georges Niang,18.2,2.8666666666666667,6.533333333333334,0.437,1.7333333333333332,4.333333333333333,0.4046666666666667,0.5666666666666668,0.6333333333333333,0.907,0.6666666666666666,1.7666666666666668,0.26666666666666666,2.066666666666667,2.3333333333333335,1.0666666666666667,0.39999999999999997,0.16666666666666666,8.0,2020.0,0
49,149,Grant Williams,18.26666666666667,1.8333333333333333,3.966666666666667,0.451,0.8333333333333334,2.233333333333333,0.3496666666666666,0.6333333333333333,0.8666666666666667,0.7283333333333334,0.7333333333333334,2.3000000000000003,0.7666666666666666,2.1333333333333333,2.8666666666666667,1.0333333333333334,0.4000000000000001,0.5,5.1000000000000005,2020.0,0
50,151,Hamidou Diallo,19.05,3.4,6.9,0.498,0.35,1.25,0.30400000000000005,1.7,2.45,0.7090000000000001,1.1,2.15,1.0,3.0,4.0,1.2999999999999998,0.75,0.45,8.85,2020.5,0
51,156,Isaac Bonga,18.9,1.8,3.5,0.504,0.4,1.1,0.352,1.0,1.3,0.812,0.9,2.4,1.1,2.3,3.4,1.2,0.7,0.3,5.0,2019.0,0
52,158,Isaiah Hartenstein,15.6,3.1,4.8,0.649,0.1,0.1,0.667,1.0,1.8,0.595,0.9,2.5,1.8,2.9,4.7,1.5,0.8,1.2,7.3,2021.0,0
53,161,Ish Smith,19.95,3.35,7.699999999999999,0.432,0.55,1.4,0.4335,0.55,0.8500000000000001,0.548,1.15,1.15,0.25,2.0,2.25,3.6500000000000004,0.65,0.30000000000000004,7.85,2020.0,0
54,162,Ivica Zubac,21.8,3.5333333333333337,5.466666666666666,0.6433333333333333,0.0,0.03333333333333333,0.08333333333333333,2.1,2.733333333333333,0.7656666666666667,1.0,2.3,2.6333333333333333,5.0,7.633333333333333,1.1333333333333333,0.3333333333333333,0.9333333333333332,9.1,2020.0,0
55,165,JaMychal Green,18.233333333333334,2.5,5.733333333333334,0.432,1.1333333333333333,3.1666666666666665,0.3273333333333333,0.6666666666666666,0.8666666666666667,0.7783333333333333,0.9666666666666667,2.533333333333333,1.2333333333333334,3.5666666666666664,4.833333333333333,0.8666666666666667,0.5666666666666668,0.43333333333333335,6.733333333333333,2020.0,0
56,166,JaVale McGee,16.05,3.5999999999999996,5.5,0.652,0.0,0.05,0.25,1.1,1.65,0.6465000000000001,1.2000000000000002,2.3499999999999996,2.1,4.25,6.35,0.5,0.4,1.1,8.3,2020.0,0
57,170,Jakob Poeltl,22.2,3.15,5.1,0.62,0.0,0.0,0.0,0.75,1.55,0.48650000000000004,1.0,2.2,2.6,4.25,6.800000000000001,1.85,0.6499999999999999,1.6,7.1,2019.5,0
58,176,James Ennis,18.3,2.3,5.2,0.446,0.8,2.4,0.325,1.1,1.4,0.806,0.8,2.0,1.0,2.5,3.6,0.9,0.5,0.3,6.6,2019.0,0
59,178,James Johnson,20.5,2.9,6.4,0.446,0.6,2.4,0.258,0.9,1.5,0.592,1.1,2.4,0.6,2.8,3.5,1.9,0.8,0.8,7.2,2020.0,0
60,181,Jarred Vanderbilt,20.4,2.3,4.050000000000001,0.5725,0.0,0.2,0.1,0.95,1.4500000000000002,0.6935,0.9,2.4,2.5,4.6,7.1,1.2,1.15,0.75,5.6,2020.5,0
61,184,Javonte Green,20.6,2.1,4.2,0.495,0.4,1.1,0.385,0.8,1.0,0.75,0.7,2.0,1.5,2.7,4.3,0.7,0.8,0.3,5.4,2021.0,0
62,189,Jeff Teague,21.05,2.9000000000000004,6.75,0.4345,0.7,1.75,0.40349999999999997,2.25,2.5999999999999996,0.8605,1.6,1.4,0.4,1.6,2.0,3.8,0.6499999999999999,0.25,8.8,2019.5,0
63,191,Jeremiah Robinson-Earl,21.9,2.7,6.3,0.418,1.0,3.1,0.338,0.5,0.7,0.647,0.9,1.4,1.7,4.1,5.8,0.9,0.6,0.3,6.8,2021.0,0
64,204,Jordan Nwora,17.7,2.6,6.6,0.396,1.2,3.4,0.361,0.5,0.6,0.846,1.2,1.0,0.5,2.7,3.2,1.1,0.2,0.4,7.0,2021.0,0
65,209,Josh Okogie,22.65,2.2,5.35,0.4145,0.6,2.15,0.2675,1.95,2.45,0.7825,1.0499999999999998,2.1500000000000004,1.25,2.25,3.45,1.35,1.0,0.45,7.0,2019.5,0
66,212,Juan Toscano-Anderson,18.7,2.2,3.8499999999999996,0.562,0.55,1.5,0.346,0.55,0.8,0.6885,1.15,1.8,0.5,3.0999999999999996,3.6,2.5,0.75,0.45,5.5,2020.5,0
67,213,Juancho Hernangomez,17.3,2.5,5.8,0.435,1.1,3.2,0.327,1.2,1.9,0.619,0.5,1.0,0.9,3.1,3.9,0.7,0.4,0.1,7.2,2020.0,0
68,220,K.J. Martin,15.5,2.9,5.3,0.552,0.4,1.4,0.29,0.7,1.0,0.652,0.5,1.1,0.6,2.5,3.1,0.9,0.4,0.5,6.9,2021.0,0
69,224,Kelan Martin,16.8,2.8,6.7,0.417,0.8,2.9,0.291,0.4,0.6,0.636,0.7,1.4,0.6,1.3,1.9,0.9,0.5,0.4,6.8,2021.0,0
70,230,Kenrich Williams,21.05,3.05,6.1,0.49750000000000005,0.75,1.9,0.397,0.65,1.25,0.569,1.0,2.0,1.15,2.7,3.8,2.05,0.8,0.25,7.5,2020.5,0
71,231,Kent Bazemore,21.366666666666664,2.3333333333333335,6.1000000000000005,0.38566666666666666,1.0,2.9,0.3513333333333333,1.0333333333333332,1.3666666666666665,0.7433333333333333,0.9666666666666668,2.533333333333333,0.3333333333333333,2.8666666666666667,3.1999999999999997,1.2666666666666668,1.0,0.4666666666666666,6.766666666666667,2020.0,0
72,235,Kevin Knox,17.9,2.2,6.2,0.359,1.0,3.1,0.327,1.0,1.6,0.653,0.7,1.6,0.4,2.4,2.8,0.9,0.4,0.4,6.4,2019.0,0
73,238,Kevon Looney,18.35,1.9500000000000002,3.65,0.5315000000000001,0.05,0.15,0.1175,0.75,1.25,0.6035,0.6499999999999999,2.3,2.2,3.65,5.8,1.55,0.4,0.55,4.65,2020.5,0
74,239,Khem Birch,21.666666666666668,2.3333333333333335,4.666666666666667,0.5023333333333334,0.06666666666666667,0.4000000000000001,0.08333333333333333,1.4666666666666668,2.0666666666666664,0.695,0.6333333333333333,1.8,2.566666666666667,2.8000000000000003,5.366666666666667,1.2,0.7000000000000001,0.5666666666666667,6.166666666666667,2020.0,0
75,246,Kyle Korver,16.5,2.2,5.1,0.43,1.7,4.1,0.418,0.6,0.7,0.854,0.8,1.3,0.3,1.8,2.1,1.2,0.4,0.2,6.7,2019.0,0
76,267,Marc Gasol,22.75,2.2,5.0,0.4405,1.15,2.8499999999999996,0.39749999999999996,0.75,1.05,0.7275,1.15,2.5,0.7,4.45,5.15,2.7,0.65,1.0,6.25,2019.5,0
77,273,Markieff Morris,19.633333333333333,3.0666666666666664,7.033333333333334,0.43500000000000005,1.1333333333333335,3.1666666666666665,0.35366666666666663,0.7333333333333334,0.9333333333333332,0.832,1.1333333333333335,2.066666666666667,0.9333333333333332,2.733333333333333,3.6666666666666665,1.2999999999999998,0.39999999999999997,0.2333333333333333,8.033333333333333,2020.0,0
78,274,Marquese Chriss,20.3,3.6,6.5,0.545,0.1,0.7,0.205,2.0,2.6,0.769,1.3,2.1,1.9,4.3,6.2,1.9,0.7,1.1,9.3,2019.0,0
79,275,Marvin Williams,19.5,2.1,4.6,0.446,1.0,2.7,0.359,0.8,1.0,0.86,0.6,1.8,0.5,2.6,3.2,1.0,0.6,0.5,5.9,2019.0,0
80,277,Matisse Thybulle,21.633333333333336,1.9000000000000001,4.1,0.454,0.7333333333333333,2.266666666666667,0.3183333333333333,0.3,0.4333333333333333,0.6846666666666666,0.7666666666666666,2.1333333333333333,0.5666666666666667,1.4666666666666668,2.0,1.0999999999999999,1.6333333333333335,1.0333333333333334,4.766666666666667,2020.0,0
81,280,Maurice Harkless,23.0,2.3,4.6,0.502,0.5,1.6,0.347,0.6,1.1,0.591,0.9,2.4,0.9,3.0,3.9,1.1,0.9,0.5,5.8,2019.0,0
82,281,Max Strus,20.2,2.9,6.4,0.448,1.9,4.7,0.405,0.6,0.9,0.688,0.7,1.4,0.3,2.8,3.1,0.8,0.4,0.1,8.3,2021.0,0
83,284,Meyers Leonard,20.3,2.3,4.6,0.509,1.0,2.5,0.414,0.4,0.5,0.643,0.8,2.1,0.6,4.5,5.1,1.1,0.3,0.3,6.1,2019.0,0
84,288,Mike Muscala,14.6,2.7,5.9,0.455,1.7,3.9,0.433,1.4,1.8,0.8,0.4,1.3,0.4,2.9,3.3,0.5,0.4,0.6,8.5,2021.0,0
85,289,Mike Scott,17.25,1.85,4.6,0.393,1.1,3.1,0.35550000000000004,0.30000000000000004,0.35,0.7390000000000001,0.4,1.4,0.6,2.4000000000000004,3.0,0.8,0.4,0.2,5.1,2019.5,0
86,294,Mohamed Bamba,21.75,3.1500000000000004,6.8999999999999995,0.4595,0.95,2.9,0.3365,0.65,0.85,0.6970000000000001,1.1,2.3,1.9000000000000001,4.949999999999999,6.9,1.25,0.6000000000000001,1.8,7.95,2020.0,0
87,300,Nassir Little,17.85,2.35,5.0,0.47250000000000003,0.8,2.35,0.3335,0.9500000000000001,1.15,0.8140000000000001,0.65,1.6,1.0499999999999998,2.95,4.0,0.65,0.45,0.44999999999999996,6.45,2020.5,0
88,301,Naz Reid,17.9,3.9,7.65,0.51,0.9,2.5,0.3605,1.5,2.2,0.699,0.9,2.55,1.25,2.8499999999999996,4.1,0.85,0.5,1.05,10.2,2020.5,0
89,302,Nemanja Bjelica,21.049999999999997,3.4000000000000004,7.05,0.476,1.4,3.4000000000000004,0.40249999999999997,0.9,1.2,0.7675,1.2999999999999998,2.15,1.2,3.9,5.15,2.15,0.8500000000000001,0.44999999999999996,9.0,2020.0,0
90,303,Nerlens Noel,21.35,2.55,3.95,0.649,0.0,0.0,0.1665,1.05,1.4,0.7344999999999999,1.05,2.75,1.85,3.8,5.65,0.8,1.05,1.85,6.25,2019.5,0
91,307,Nicolo Melli,17.4,2.3,5.4,0.421,1.1,3.4,0.335,0.9,1.2,0.74,0.8,2.1,0.6,2.4,3.0,1.4,0.6,0.4,6.6,2019.0,0
92,313,Omari Spellman,18.1,2.6,6.0,0.431,0.9,2.2,0.391,1.5,1.9,0.793,1.1,1.3,1.6,2.9,4.5,1.0,0.7,0.5,7.6,2019.0,0
93,315,Otto Porter,19.1,2.5,5.5,0.448,1.6,4.0,0.41,0.6,0.8,0.75,0.6,1.4,0.8,3.9,4.6,1.1,0.9,0.3,7.1,2021.0,0
94,316,P.J. Dozier,18.9,2.0,5.5,0.364,0.8,2.7,0.312,0.6,0.7,0.769,0.7,1.8,0.8,2.7,3.5,1.6,0.6,0.3,5.4,2021.0,0
95,326,Paul Millsap,18.7,2.9,6.333333333333333,0.43966666666666665,0.7666666666666666,2.0666666666666664,0.3463333333333334,1.3999999999999997,1.8333333333333333,0.7486666666666667,0.9333333333333332,2.3333333333333335,1.4666666666666668,3.1999999999999997,4.666666666666667,1.4333333333333336,0.6666666666666666,0.5333333333333333,7.966666666666666,2020.0,0
96,329,Precious Achiuwa,19.3,2.7,6.25,0.465,0.15,0.6,0.1345,0.9,1.75,0.526,0.9,2.0,1.75,4.050000000000001,5.8,1.05,0.4,0.55,6.5,2020.5,0
97,331,R.J. Hampton,18.049999999999997,2.7,6.25,0.428,0.75,2.15,0.358,1.2000000000000002,1.9000000000000001,0.632,1.35,1.2999999999999998,0.44999999999999996,2.8,3.25,2.0,0.45,0.2,7.300000000000001,2020.5,0
98,332,Rajon Rondo,18.8,2.5,5.8,0.43,0.8500000000000001,2.3,0.366,0.5,0.65,0.8,1.85,1.2,0.45,2.25,2.7,4.7,0.8,0.05,6.25,2019.5,0
99,333,Raulzinho Neto,17.966666666666665,2.733333333333333,5.866666666666667,0.4603333333333333,0.7000000000000001,1.9666666666666668,0.3503333333333334,1.0333333333333332,1.2666666666666668,0.81,0.9666666666666667,1.4000000000000001,0.26666666666666666,1.5666666666666667,1.8333333333333333,2.1999999999999997,0.7666666666666667,0.06666666666666667,7.099999999999999,2020.0,0
100,340,Robin Lopez,16.8,3.0,5.25,0.5625,0.3,0.9500000000000001,0.3055,0.8999999999999999,1.35,0.6255,1.05,1.5,1.4,1.7000000000000002,3.0999999999999996,0.75,0.2,0.6499999999999999,7.2,2019.5,0
101,344,Romeo Langford,18.5,1.8,4.3,0.415,0.8,1.9,0.417,0.5,0.6,0.75,0.5,1.3,0.8,2.2,3.0,0.5,0.4,0.1,4.8,2021.0,0
102,345,Rondae Hollis-Jefferson,18.7,2.6,5.5,0.471,0.1,0.4,0.13,1.8,2.4,0.734,1.0,1.9,1.8,2.9,4.7,1.8,0.8,0.4,7.0,2019.0,0
103,361,Solomon Hill,19.85,1.7,4.45,0.3775,1.05,2.95,0.34450000000000003,0.6,0.75,0.751,0.75,1.5,0.55,2.3499999999999996,2.9,1.4500000000000002,0.7,0.2,5.0,2019.5,0
104,365,Sterling Brown,17.200000000000003,1.9333333333333333,4.866666666666666,0.3913333333333333,1.0666666666666667,2.9333333333333336,0.3406666666666667,0.4333333333333333,0.5333333333333333,0.8686666666666666,0.7666666666666666,1.3666666666666665,0.6666666666666666,3.0,3.7000000000000006,1.0666666666666667,0.6,0.13333333333333333,5.433333333333333,2020.0,0
105,367,Svi Mykhailiuk,20.466666666666665,2.9333333333333336,6.966666666666666,0.4183333333333333,1.6000000000000003,4.433333333333333,0.35700000000000004,0.7999999999999999,0.9666666666666668,0.8276666666666667,1.0333333333333334,1.3,0.46666666666666673,1.8999999999999997,2.3333333333333335,1.5666666666666664,0.7666666666666666,0.13333333333333333,8.200000000000001,2020.0,0
106,370,Taj Gibson,16.5,2.7,4.6,0.584,0.1,0.2,0.286,0.7,0.9,0.732,0.8,2.0,1.8,2.5,4.3,0.8,0.4,0.5,6.1,2019.0,0
107,371,Talen Horton-Tucker,20.1,3.4,7.5,0.458,0.6,2.0,0.282,1.5,2.0,0.775,1.6,2.0,0.4,2.2,2.6,2.8,1.0,0.3,9.0,2020.0,0
108,373,Terance Mann,18.333333333333332,2.3666666666666667,4.966666666666667,0.47533333333333333,0.6,1.5666666666666664,0.36866666666666664,1.0333333333333334,1.3333333333333333,0.7600000000000001,0.7000000000000001,1.7666666666666664,0.8333333333333334,2.5,3.3333333333333335,1.7333333333333334,0.43333333333333335,0.13333333333333333,6.3,2020.0,0
109,374,Terence Davis,17.200000000000003,3.0,6.8,0.442,1.4500000000000002,3.9000000000000004,0.3775,0.7,0.8500000000000001,0.841,1.05,1.65,0.5,2.4000000000000004,2.9,1.5,0.6,0.2,8.1,2019.5,0
110,375,Terrance Ferguson,22.5,1.4,3.9,0.355,0.9,3.0,0.292,0.3,0.4,0.75,0.6,2.8,0.4,0.9,1.3,0.9,0.5,0.3,3.9,2019.0,0
111,385,Tomas Satoransky,22.23333333333333,2.5,5.766666666666667,0.42733333333333334,0.6,1.9333333333333336,0.2973333333333333,1.1333333333333333,1.3666666666666665,0.8246666666666665,1.4666666666666668,1.6333333333333335,0.7666666666666666,2.033333333333333,2.8000000000000003,4.033333333333334,0.7333333333333334,0.10000000000000002,6.8,2020.0,0
112,387,Tony Snell,20.333333333333332,1.8333333333333333,4.066666666666666,0.4283333333333334,1.1666666666666667,2.733333333333333,0.4203333333333334,0.26666666666666666,0.26666666666666666,1.0,0.3666666666666667,1.4000000000000001,0.2333333333333333,1.7,1.9333333333333333,1.3666666666666665,0.3333333333333333,0.2333333333333333,5.066666666666666,2020.0,0
113,388,Torrey Craig,16.766666666666666,2.1333333333333333,4.433333333333333,0.47733333333333333,0.7333333333333334,2.1666666666666665,0.323,0.4666666666666666,0.6333333333333333,0.719,0.5,1.8666666666666665,1.1333333333333333,2.3666666666666667,3.5,0.9,0.4666666666666666,0.4666666666666666,5.433333333333334,2020.0,0
114,395,Trey Lyles,18.05,2.45,5.75,0.4285,0.9,2.75,0.3395,1.1,1.4500000000000002,0.7565,0.75,1.4500000000000002,1.25,3.6999999999999997,4.95,0.9,0.35,0.30000000000000004,7.0,2020.0,0
115,404,Tyus Jones,18.333333333333332,2.6999999999999997,6.033333333333334,0.45333333333333337,0.7333333333333334,2.0,0.377,0.6999999999999998,0.7999999999999999,0.8523333333333333,0.7333333333333334,0.5333333333333333,0.19999999999999998,1.7666666666666668,2.0,4.033333333333334,0.8666666666666667,0.10000000000000002,6.900000000000001,2020.0,0
116,407,Wesley Iwundu,18.3,1.9,4.5,0.416,0.5,1.6,0.341,1.5,1.9,0.804,0.5,1.5,0.5,2.1,2.5,1.2,0.5,0.2,5.8,2019.0,0
117,408,Wesley Matthews,21.95,2.0,5.3,0.3745,1.35,3.9000000000000004,0.34950000000000003,0.7,0.85,0.8095,0.5,1.45,0.3,1.7000000000000002,2.05,1.15,0.6499999999999999,0.2,6.1,2019.5,0
118,411,"Xavier Tillman, Sr.",16.15,2.3,4.65,0.495,0.30000000000000004,1.15,0.264,0.7,0.95,0.7035,0.7,1.45,1.2000000000000002,2.5,3.7,1.35,0.9,0.5,5.6,2020.5,0
119,413,Ziaire Williams,17.8,1.8,5.2,0.354,0.8,3.4,0.246,0.2,0.3,0.667,0.6,1.7,0.3,1.2,1.5,0.6,0.4,0.3,4.7,2021.0,0
